
--ED-127-AA


-- Insert playlists
INSERT INTO video_playlist (video_playlist_id, video_playlist_title, video_playlist_url, video_playlist_description, video_playlist_creation_date, video_playlist_active) VALUES (1, 'Voices of Tomorrow', 'https://video.example.com/playlist/1-voices-of-tomorrow', '...beskrivning...', '2023-01-01', true);
INSERT INTO video_playlist (video_playlist_id, video_playlist_title, video_playlist_url, video_playlist_description, video_playlist_creation_date, video_playlist_active) VALUES (2, 'Echoes of History', 'https://video.example.com/playlist/2-echoes-of-history', '...beskrivning...', '2023-01-01', true);
INSERT INTO video_playlist (video_playlist_id, video_playlist_title, video_playlist_url, video_playlist_description, video_playlist_creation_date, video_playlist_active) VALUES (3, 'Mind Over Matter', 'https://video.example.com/playlist/3-mind-over-matter', '...beskrivning...', '2023-01-01', true);
INSERT INTO video_playlist (video_playlist_id, video_playlist_title, video_playlist_url, video_playlist_description, video_playlist_creation_date, video_playlist_active) VALUES (4, 'The Cosmic Frequency', 'https://video.example.com/playlist/4-the-cosmic-frequency', '...beskrivning...', '2023-01-01', true);
INSERT INTO video_playlist (video_playlist_id, video_playlist_title, video_playlist_url, video_playlist_description, video_playlist_creation_date, video_playlist_active) VALUES (5, 'Urban Legends Uncovered', 'https://video.example.com/playlist/5-urban-legends-uncovered', '...beskrivning...', '2023-01-01', true);
INSERT INTO video_playlist (video_playlist_id, video_playlist_title, video_playlist_url, video_playlist_description, video_playlist_creation_date, video_playlist_active) VALUES (6, 'Creative Minds', 'https://video.example.com/playlist/6-creative-minds', '...beskrivning...', '2023-01-01', true);
INSERT INTO video_playlist (video_playlist_id, video_playlist_title, video_playlist_url, video_playlist_description, video_playlist_creation_date, video_playlist_active) VALUES (7, 'The Sound of Science', 'https://video.example.com/playlist/7-the-sound-of-science', '...beskrivning...', '2023-01-01', true);
INSERT INTO video_playlist (video_playlist_id, video_playlist_title, video_playlist_url, video_playlist_description, video_playlist_creation_date, video_playlist_active) VALUES (8, 'Future Frontiers', 'https://video.example.com/playlist/8-future-frontiers', '...beskrivning...', '2023-01-01', true);
INSERT INTO video_playlist (video_playlist_id, video_playlist_title, video_playlist_url, video_playlist_description, video_playlist_creation_date, video_playlist_active) VALUES (9, 'Coffee and Conversations', 'https://video.example.com/playlist/9-coffee-and-conversations', '...beskrivning...', '2023-01-01', true);
INSERT INTO video_playlist (video_playlist_id, video_playlist_title, video_playlist_url, video_playlist_description, video_playlist_creation_date, video_playlist_active) VALUES (10, 'The Hidden Signal', 'https://video.example.com/playlist/10-the-hidden-signal', '...beskrivning...', '2023-01-01', false);

-- Link creators to playlists
INSERT INTO video_playlist_creators (video_playlist_id, creator_id) VALUES (1, 11);
INSERT INTO video_playlist_creators (video_playlist_id, creator_id) VALUES (1, 17);
INSERT INTO video_playlist_creators (video_playlist_id, creator_id) VALUES (2, 44);
INSERT INTO video_playlist_creators (video_playlist_id, creator_id) VALUES (2, 28);
INSERT INTO video_playlist_creators (video_playlist_id, creator_id) VALUES (3, 33);
INSERT INTO video_playlist_creators (video_playlist_id, creator_id) VALUES (3, 34);
INSERT INTO video_playlist_creators (video_playlist_id, creator_id) VALUES (4, 15);
INSERT INTO video_playlist_creators (video_playlist_id, creator_id) VALUES (4, 16);
INSERT INTO video_playlist_creators (video_playlist_id, creator_id) VALUES (5, 39);
INSERT INTO video_playlist_creators (video_playlist_id, creator_id) VALUES (5, 40);
INSERT INTO video_playlist_creators (video_playlist_id, creator_id) VALUES (6, 48);
INSERT INTO video_playlist_creators (video_playlist_id, creator_id) VALUES (6, 49);
INSERT INTO video_playlist_creators (video_playlist_id, creator_id) VALUES (7, 38);
INSERT INTO video_playlist_creators (video_playlist_id, creator_id) VALUES (7, 45);
INSERT INTO video_playlist_creators (video_playlist_id, creator_id) VALUES (8, 23);
INSERT INTO video_playlist_creators (video_playlist_id, creator_id) VALUES (8, 24);
INSERT INTO video_playlist_creators (video_playlist_id, creator_id) VALUES (9, 41);
INSERT INTO video_playlist_creators (video_playlist_id, creator_id) VALUES (9, 42);
INSERT INTO video_playlist_creators (video_playlist_id, creator_id) VALUES (10, 19);
INSERT INTO video_playlist_creators (video_playlist_id, creator_id) VALUES (10, 20);

-- Insert video clips
INSERT INTO video_clip (video_clip_id, video_clip_title, video_clip_url, video_clip_description, video_clip_release_date, video_clip_length, video_clip_times_played, video_clip_active) VALUES (1, 'The Dawn of AI', 'https://video.example.com/clip/1-the-dawn-of-ai', '...beskrivning...', '2024-01-01', '00:00:00', 1000, true);
INSERT INTO video_clip (video_clip_id, video_clip_title, video_clip_url, video_clip_description, video_clip_release_date, video_clip_length, video_clip_times_played, video_clip_active) VALUES (2, 'Voices from Mars', 'https://video.example.com/clip/2-voices-from-mars', '...beskrivning...', '2024-01-01', '00:00:00', 1000, true);
INSERT INTO video_clip (video_clip_id, video_clip_title, video_clip_url, video_clip_description, video_clip_release_date, video_clip_length, video_clip_times_played, video_clip_active) VALUES (3, 'Digital Utopia', 'https://video.example.com/clip/3-digital-utopia', '...beskrivning...', '2024-01-01', '00:00:00', 1000, true);
INSERT INTO video_clip (video_clip_id, video_clip_title, video_clip_url, video_clip_description, video_clip_release_date, video_clip_length, video_clip_times_played, video_clip_active) VALUES (4, 'Machine Morality', 'https://video.example.com/clip/4-machine-morality', '...beskrivning...', '2024-01-01', '00:00:00', 1000, true);
INSERT INTO video_clip (video_clip_id, video_clip_title, video_clip_url, video_clip_description, video_clip_release_date, video_clip_length, video_clip_times_played, video_clip_active) VALUES (5, 'The End of Privacy', 'https://video.example.com/clip/5-the-end-of-privacy', '...beskrivning...', '2024-01-01', '00:00:00', 1000, true);
INSERT INTO video_clip (video_clip_id, video_clip_title, video_clip_url, video_clip_description, video_clip_release_date, video_clip_length, video_clip_times_played, video_clip_active) VALUES (6, 'The Virtual Brain', 'https://video.example.com/clip/6-the-virtual-brain', '...beskrivning...', '2024-01-01', '00:00:00', 1000, true);
INSERT INTO video_clip (video_clip_id, video_clip_title, video_clip_url, video_clip_description, video_clip_release_date, video_clip_length, video_clip_times_played, video_clip_active) VALUES (7, 'Conscious Code', 'https://video.example.com/clip/7-conscious-code', '...beskrivning...', '2024-01-01', '00:00:00', 1000, true);
INSERT INTO video_clip (video_clip_id, video_clip_title, video_clip_url, video_clip_description, video_clip_release_date, video_clip_length, video_clip_times_played, video_clip_active) VALUES (8, 'The Singularity Nears', 'https://video.example.com/clip/8-the-singularity-nears', '...beskrivning...', '2024-01-01', '00:00:00', 1000, true);
INSERT INTO video_clip (video_clip_id, video_clip_title, video_clip_url, video_clip_description, video_clip_release_date, video_clip_length, video_clip_times_played, video_clip_active) VALUES (9, 'Quantum Thought', 'https://video.example.com/clip/9-quantum-thought', '...beskrivning...', '2024-01-01', '00:00:00', 1000, true);
INSERT INTO video_clip (video_clip_id, video_clip_title, video_clip_url, video_clip_description, video_clip_release_date, video_clip_length, video_clip_times_played, video_clip_active) VALUES (10, 'The Human Algorithm', 'https://video.example.com/clip/10-the-human-algorithm', '...beskrivning...', '2024-01-01', '00:00:00', 1000, true);
INSERT INTO video_clip (video_clip_id, video_clip_title, video_clip_url, video_clip_description, video_clip_release_date, video_clip_length, video_clip_times_played, video_clip_active) VALUES (11, 'Echoes of Rome', 'https://video.example.com/clip/11-echoes-of-rome', '...beskrivning...', '2024-01-01', '00:00:00', 1000, true);
INSERT INTO video_clip (video_clip_id, video_clip_title, video_clip_url, video_clip_description, video_clip_release_date, video_clip_length, video_clip_times_played, video_clip_active) VALUES (12, 'Lost Cities Found', 'https://video.example.com/clip/12-lost-cities-found', '...beskrivning...', '2024-01-01', '00:00:00', 1000, true);
INSERT INTO video_clip (video_clip_id, video_clip_title, video_clip_url, video_clip_description, video_clip_release_date, video_clip_length, video_clip_times_played, video_clip_active) VALUES (13, 'The Fall of Empires', 'https://video.example.com/clip/13-the-fall-of-empires', '...beskrivning...', '2024-01-01', '00:00:00', 1000, true);
INSERT INTO video_clip (video_clip_id, video_clip_title, video_clip_url, video_clip_description, video_clip_release_date, video_clip_length, video_clip_times_played, video_clip_active) VALUES (14, 'The Viking Echo', 'https://video.example.com/clip/14-the-viking-echo', '...beskrivning...', '2024-01-01', '00:00:00', 1000, true);
INSERT INTO video_clip (video_clip_id, video_clip_title, video_clip_url, video_clip_description, video_clip_release_date, video_clip_length, video_clip_times_played, video_clip_active) VALUES (15, 'Mystery of the Mayans', 'https://video.example.com/clip/15-mystery-of-the-mayans', '...beskrivning...', '2024-01-01', '00:00:00', 1000, true);
INSERT INTO video_clip (video_clip_id, video_clip_title, video_clip_url, video_clip_description, video_clip_release_date, video_clip_length, video_clip_times_played, video_clip_active) VALUES (16, 'Greek Machines', 'https://video.example.com/clip/16-greek-machines', '...beskrivning...', '2024-01-01', '00:00:00', 1000, true);
INSERT INTO video_clip (video_clip_id, video_clip_title, video_clip_url, video_clip_description, video_clip_release_date, video_clip_length, video_clip_times_played, video_clip_active) VALUES (17, 'The Library of Alexandria', 'https://video.example.com/clip/17-the-library-of-alexandria', '...beskrivning...', '2024-01-01', '00:00:00', 1000, true);
INSERT INTO video_clip (video_clip_id, video_clip_title, video_clip_url, video_clip_description, video_clip_release_date, video_clip_length, video_clip_times_played, video_clip_active) VALUES (18, 'Forgotten Wars', 'https://video.example.com/clip/18-forgotten-wars', '...beskrivning...', '2024-01-01', '00:00:00', 1000, true);
INSERT INTO video_clip (video_clip_id, video_clip_title, video_clip_url, video_clip_description, video_clip_release_date, video_clip_length, video_clip_times_played, video_clip_active) VALUES (19, 'Renaissance Sparks', 'https://video.example.com/clip/19-renaissance-sparks', '...beskrivning...', '2024-01-01', '00:00:00', 1000, true);
INSERT INTO video_clip (video_clip_id, video_clip_title, video_clip_url, video_clip_description, video_clip_release_date, video_clip_length, video_clip_times_played, video_clip_active) VALUES (20, 'Empire of Dust', 'https://video.example.com/clip/20-empire-of-dust', '...beskrivning...', '2024-01-01', '00:00:00', 1000, true);
INSERT INTO video_clip (video_clip_id, video_clip_title, video_clip_url, video_clip_description, video_clip_release_date, video_clip_length, video_clip_times_played, video_clip_active) VALUES (21, 'The Conscious Mind', 'https://video.example.com/clip/21-the-conscious-mind', '...beskrivning...', '2024-01-01', '00:00:00', 1000, true);
INSERT INTO video_clip (video_clip_id, video_clip_title, video_clip_url, video_clip_description, video_clip_release_date, video_clip_length, video_clip_times_played, video_clip_active) VALUES (22, 'Dream Architecture', 'https://video.example.com/clip/22-dream-architecture', '...beskrivning...', '2024-01-01', '00:00:00', 1000, true);
INSERT INTO video_clip (video_clip_id, video_clip_title, video_clip_url, video_clip_description, video_clip_release_date, video_clip_length, video_clip_times_played, video_clip_active) VALUES (23, 'Cognitive Biases', 'https://video.example.com/clip/23-cognitive-biases', '...beskrivning...', '2024-01-01', '00:00:00', 1000, true);
INSERT INTO video_clip (video_clip_id, video_clip_title, video_clip_url, video_clip_description, video_clip_release_date, video_clip_length, video_clip_times_played, video_clip_active) VALUES (24, 'Philosophy of Self', 'https://video.example.com/clip/24-philosophy-of-self', '...beskrivning...', '2024-01-01', '00:00:00', 1000, true);
INSERT INTO video_clip (video_clip_id, video_clip_title, video_clip_url, video_clip_description, video_clip_release_date, video_clip_length, video_clip_times_played, video_clip_active) VALUES (25, 'Habits and Change', 'https://video.example.com/clip/25-habits-and-change', '...beskrivning...', '2024-01-01', '00:00:00', 1000, true);
INSERT INTO video_clip (video_clip_id, video_clip_title, video_clip_url, video_clip_description, video_clip_release_date, video_clip_length, video_clip_times_played, video_clip_active) VALUES (26, 'Attention Economy', 'https://video.example.com/clip/26-attention-economy', '...beskrivning...', '2024-01-01', '00:00:00', 1000, true);
INSERT INTO video_clip (video_clip_id, video_clip_title, video_clip_url, video_clip_description, video_clip_release_date, video_clip_length, video_clip_times_played, video_clip_active) VALUES (27, 'Language and Thought', 'https://video.example.com/clip/27-language-and-thought', '...beskrivning...', '2024-01-01', '00:00:00', 1000, true);
INSERT INTO video_clip (video_clip_id, video_clip_title, video_clip_url, video_clip_description, video_clip_release_date, video_clip_length, video_clip_times_played, video_clip_active) VALUES (28, 'Moral Psychology', 'https://video.example.com/clip/28-moral-psychology', '...beskrivning...', '2024-01-01', '00:00:00', 1000, true);
INSERT INTO video_clip (video_clip_id, video_clip_title, video_clip_url, video_clip_description, video_clip_release_date, video_clip_length, video_clip_times_played, video_clip_active) VALUES (29, 'Memory Palaces', 'https://video.example.com/clip/29-memory-palaces', '...beskrivning...', '2024-01-01', '00:00:00', 1000, true);
INSERT INTO video_clip (video_clip_id, video_clip_title, video_clip_url, video_clip_description, video_clip_release_date, video_clip_length, video_clip_times_played, video_clip_active) VALUES (30, 'Meaning and Purpose', 'https://video.example.com/clip/30-meaning-and-purpose', '...beskrivning...', '2024-01-01', '00:00:00', 1000, true);
INSERT INTO video_clip (video_clip_id, video_clip_title, video_clip_url, video_clip_description, video_clip_release_date, video_clip_length, video_clip_times_played, video_clip_active) VALUES (31, 'Starlight and Gravity', 'https://video.example.com/clip/31-starlight-and-gravity', '...beskrivning...', '2024-01-01', '00:00:00', 1000, true);
INSERT INTO video_clip (video_clip_id, video_clip_title, video_clip_url, video_clip_description, video_clip_release_date, video_clip_length, video_clip_times_played, video_clip_active) VALUES (32, 'Dark Matter Diaries', 'https://video.example.com/clip/32-dark-matter-diaries', '...beskrivning...', '2024-01-01', '00:00:00', 1000, true);
INSERT INTO video_clip (video_clip_id, video_clip_title, video_clip_url, video_clip_description, video_clip_release_date, video_clip_length, video_clip_times_played, video_clip_active) VALUES (33, 'Exoplanet Atlas', 'https://video.example.com/clip/33-exoplanet-atlas', '...beskrivning...', '2024-01-01', '00:00:00', 1000, true);
INSERT INTO video_clip (video_clip_id, video_clip_title, video_clip_url, video_clip_description, video_clip_release_date, video_clip_length, video_clip_times_played, video_clip_active) VALUES (34, 'Signals from Space', 'https://video.example.com/clip/34-signals-from-space', '...beskrivning...', '2024-01-01', '00:00:00', 1000, true);
INSERT INTO video_clip (video_clip_id, video_clip_title, video_clip_url, video_clip_description, video_clip_release_date, video_clip_length, video_clip_times_played, video_clip_active) VALUES (35, 'Life in the Ice', 'https://video.example.com/clip/35-life-in-the-ice', '...beskrivning...', '2024-01-01', '00:00:00', 1000, true);
INSERT INTO video_clip (video_clip_id, video_clip_title, video_clip_url, video_clip_description, video_clip_release_date, video_clip_length, video_clip_times_played, video_clip_active) VALUES (36, 'Telescope Titans', 'https://video.example.com/clip/36-telescope-titans', '...beskrivning...', '2024-01-01', '00:00:00', 1000, true);
INSERT INTO video_clip (video_clip_id, video_clip_title, video_clip_url, video_clip_description, video_clip_release_date, video_clip_length, video_clip_times_played, video_clip_active) VALUES (37, 'Cosmic Inflation', 'https://video.example.com/clip/37-cosmic-inflation', '...beskrivning...', '2024-01-01', '00:00:00', 1000, true);
INSERT INTO video_clip (video_clip_id, video_clip_title, video_clip_url, video_clip_description, video_clip_release_date, video_clip_length, video_clip_times_played, video_clip_active) VALUES (38, 'Rings and Things', 'https://video.example.com/clip/38-rings-and-things', '...beskrivning...', '2024-01-01', '00:00:00', 1000, true);
INSERT INTO video_clip (video_clip_id, video_clip_title, video_clip_url, video_clip_description, video_clip_release_date, video_clip_length, video_clip_times_played, video_clip_active) VALUES (39, 'Galactic Cartography', 'https://video.example.com/clip/39-galactic-cartography', '...beskrivning...', '2024-01-01', '00:00:00', 1000, true);
INSERT INTO video_clip (video_clip_id, video_clip_title, video_clip_url, video_clip_description, video_clip_release_date, video_clip_length, video_clip_times_played, video_clip_active) VALUES (40, 'Edge of the Observable', 'https://video.example.com/clip/40-edge-of-the-observable', '...beskrivning...', '2024-01-01', '00:00:00', 1000, true);
INSERT INTO video_clip (video_clip_id, video_clip_title, video_clip_url, video_clip_description, video_clip_release_date, video_clip_length, video_clip_times_played, video_clip_active) VALUES (41, 'City Myths', 'https://video.example.com/clip/41-city-myths', '...beskrivning...', '2024-01-01', '00:00:00', 1000, true);
INSERT INTO video_clip (video_clip_id, video_clip_title, video_clip_url, video_clip_description, video_clip_release_date, video_clip_length, video_clip_times_played, video_clip_active) VALUES (42, 'Haunted Highways', 'https://video.example.com/clip/42-haunted-highways', '...beskrivning...', '2024-01-01', '00:00:00', 1000, true);
INSERT INTO video_clip (video_clip_id, video_clip_title, video_clip_url, video_clip_description, video_clip_release_date, video_clip_length, video_clip_times_played, video_clip_active) VALUES (43, 'Mysterious Numbers', 'https://video.example.com/clip/43-mysterious-numbers', '...beskrivning...', '2024-01-01', '00:00:00', 1000, true);
INSERT INTO video_clip (video_clip_id, video_clip_title, video_clip_url, video_clip_description, video_clip_release_date, video_clip_length, video_clip_times_played, video_clip_active) VALUES (44, 'Whispers in the Woods', 'https://video.example.com/clip/44-whispers-in-the-woods', '...beskrivning...', '2024-01-01', '00:00:00', 1000, true);
INSERT INTO video_clip (video_clip_id, video_clip_title, video_clip_url, video_clip_description, video_clip_release_date, video_clip_length, video_clip_times_played, video_clip_active) VALUES (45, 'Midnight Broadcast', 'https://video.example.com/clip/45-midnight-broadcast', '...beskrivning...', '2024-01-01', '00:00:00', 1000, true);
INSERT INTO video_clip (video_clip_id, video_clip_title, video_clip_url, video_clip_description, video_clip_release_date, video_clip_length, video_clip_times_played, video_clip_active) VALUES (46, 'The Vanishing Hotel', 'https://video.example.com/clip/46-the-vanishing-hotel', '...beskrivning...', '2024-01-01', '00:00:00', 1000, true);
INSERT INTO video_clip (video_clip_id, video_clip_title, video_clip_url, video_clip_description, video_clip_release_date, video_clip_length, video_clip_times_played, video_clip_active) VALUES (47, 'The Mirror Game', 'https://video.example.com/clip/47-the-mirror-game', '...beskrivning...', '2024-01-01', '00:00:00', 1000, true);
INSERT INTO video_clip (video_clip_id, video_clip_title, video_clip_url, video_clip_description, video_clip_release_date, video_clip_length, video_clip_times_played, video_clip_active) VALUES (48, 'Numbers on the Wall', 'https://video.example.com/clip/48-numbers-on-the-wall', '...beskrivning...', '2024-01-01', '00:00:00', 1000, true);
INSERT INTO video_clip (video_clip_id, video_clip_title, video_clip_url, video_clip_description, video_clip_release_date, video_clip_length, video_clip_times_played, video_clip_active) VALUES (49, 'The Last Tape', 'https://video.example.com/clip/49-the-last-tape', '...beskrivning...', '2024-01-01', '00:00:00', 1000, true);
INSERT INTO video_clip (video_clip_id, video_clip_title, video_clip_url, video_clip_description, video_clip_release_date, video_clip_length, video_clip_times_played, video_clip_active) VALUES (50, 'After Midnight', 'https://video.example.com/clip/50-after-midnight', '...beskrivning...', '2024-01-01', '00:00:00', 1000, true);
INSERT INTO video_clip (video_clip_id, video_clip_title, video_clip_url, video_clip_description, video_clip_release_date, video_clip_length, video_clip_times_played, video_clip_active) VALUES (51, 'The Art Habit', 'https://video.example.com/clip/51-the-art-habit', '...beskrivning...', '2024-01-01', '00:00:00', 1000, true);
INSERT INTO video_clip (video_clip_id, video_clip_title, video_clip_url, video_clip_description, video_clip_release_date, video_clip_length, video_clip_times_played, video_clip_active) VALUES (52, 'Notes to a Novelist', 'https://video.example.com/clip/52-notes-to-a-novelist', '...beskrivning...', '2024-01-01', '00:00:00', 1000, true);
INSERT INTO video_clip (video_clip_id, video_clip_title, video_clip_url, video_clip_description, video_clip_release_date, video_clip_length, video_clip_times_played, video_clip_active) VALUES (53, 'Studio Rituals', 'https://video.example.com/clip/53-studio-rituals', '...beskrivning...', '2024-01-01', '00:00:00', 1000, true);
INSERT INTO video_clip (video_clip_id, video_clip_title, video_clip_url, video_clip_description, video_clip_release_date, video_clip_length, video_clip_times_played, video_clip_active) VALUES (54, 'Collaboration Myths', 'https://video.example.com/clip/54-collaboration-myths', '...beskrivning...', '2024-01-01', '00:00:00', 1000, true);
INSERT INTO video_clip (video_clip_id, video_clip_title, video_clip_url, video_clip_description, video_clip_release_date, video_clip_length, video_clip_times_played, video_clip_active) VALUES (55, 'Finding a Voice', 'https://video.example.com/clip/55-finding-a-voice', '...beskrivning...', '2024-01-01', '00:00:00', 1000, true);
INSERT INTO video_clip (video_clip_id, video_clip_title, video_clip_url, video_clip_description, video_clip_release_date, video_clip_length, video_clip_times_played, video_clip_active) VALUES (56, 'Creative Blocks', 'https://video.example.com/clip/56-creative-blocks', '...beskrivning...', '2024-01-01', '00:00:00', 1000, true);
INSERT INTO video_clip (video_clip_id, video_clip_title, video_clip_url, video_clip_description, video_clip_release_date, video_clip_length, video_clip_times_played, video_clip_active) VALUES (57, 'The Feedback Loop', 'https://video.example.com/clip/57-the-feedback-loop', '...beskrivning...', '2024-01-01', '00:00:00', 1000, true);
INSERT INTO video_clip (video_clip_id, video_clip_title, video_clip_url, video_clip_description, video_clip_release_date, video_clip_length, video_clip_times_played, video_clip_active) VALUES (58, 'Publishing Paths', 'https://video.example.com/clip/58-publishing-paths', '...beskrivning...', '2024-01-01', '00:00:00', 1000, true);
INSERT INTO video_clip (video_clip_id, video_clip_title, video_clip_url, video_clip_description, video_clip_release_date, video_clip_length, video_clip_times_played, video_clip_active) VALUES (59, 'Stagecraft', 'https://video.example.com/clip/59-stagecraft', '...beskrivning...', '2024-01-01', '00:00:00', 1000, true);
INSERT INTO video_clip (video_clip_id, video_clip_title, video_clip_url, video_clip_description, video_clip_release_date, video_clip_length, video_clip_times_played, video_clip_active) VALUES (60, 'The Aftershow', 'https://video.example.com/clip/60-the-aftershow', '...beskrivning...', '2024-01-01', '00:00:00', 1000, true);
INSERT INTO video_clip (video_clip_id, video_clip_title, video_clip_url, video_clip_description, video_clip_release_date, video_clip_length, video_clip_times_played, video_clip_active) VALUES (61, 'Everyday Physics', 'https://video.example.com/clip/61-everyday-physics', '...beskrivning...', '2024-01-01', '00:00:00', 1000, true);
INSERT INTO video_clip (video_clip_id, video_clip_title, video_clip_url, video_clip_description, video_clip_release_date, video_clip_length, video_clip_times_played, video_clip_active) VALUES (62, 'Kitchen Chemistry', 'https://video.example.com/clip/62-kitchen-chemistry', '...beskrivning...', '2024-01-01', '00:00:00', 1000, true);
INSERT INTO video_clip (video_clip_id, video_clip_title, video_clip_url, video_clip_description, video_clip_release_date, video_clip_length, video_clip_times_played, video_clip_active) VALUES (63, 'Biology of Belief', 'https://video.example.com/clip/63-biology-of-belief', '...beskrivning...', '2024-01-01', '00:00:00', 1000, true);
INSERT INTO video_clip (video_clip_id, video_clip_title, video_clip_url, video_clip_description, video_clip_release_date, video_clip_length, video_clip_times_played, video_clip_active) VALUES (64, 'Weather Machines', 'https://video.example.com/clip/64-weather-machines', '...beskrivning...', '2024-01-01', '00:00:00', 1000, true);
INSERT INTO video_clip (video_clip_id, video_clip_title, video_clip_url, video_clip_description, video_clip_release_date, video_clip_length, video_clip_times_played, video_clip_active) VALUES (65, 'Numbers that Lie', 'https://video.example.com/clip/65-numbers-that-lie', '...beskrivning...', '2024-01-01', '00:00:00', 1000, true);
INSERT INTO video_clip (video_clip_id, video_clip_title, video_clip_url, video_clip_description, video_clip_release_date, video_clip_length, video_clip_times_played, video_clip_active) VALUES (66, 'Time Travel Rules', 'https://video.example.com/clip/66-time-travel-rules', '...beskrivning...', '2024-01-01', '00:00:00', 1000, true);
INSERT INTO video_clip (video_clip_id, video_clip_title, video_clip_url, video_clip_description, video_clip_release_date, video_clip_length, video_clip_times_played, video_clip_active) VALUES (67, 'Microscope Cities', 'https://video.example.com/clip/67-microscope-cities', '...beskrivning...', '2024-01-01', '00:00:00', 1000, true);
INSERT INTO video_clip (video_clip_id, video_clip_title, video_clip_url, video_clip_description, video_clip_release_date, video_clip_length, video_clip_times_played, video_clip_active) VALUES (68, 'Sound as Medicine', 'https://video.example.com/clip/68-sound-as-medicine', '...beskrivning...', '2024-01-01', '00:00:00', 1000, true);
INSERT INTO video_clip (video_clip_id, video_clip_title, video_clip_url, video_clip_description, video_clip_release_date, video_clip_length, video_clip_times_played, video_clip_active) VALUES (69, 'The Fractal Edge', 'https://video.example.com/clip/69-the-fractal-edge', '...beskrivning...', '2024-01-01', '00:00:00', 1000, true);
INSERT INTO video_clip (video_clip_id, video_clip_title, video_clip_url, video_clip_description, video_clip_release_date, video_clip_length, video_clip_times_played, video_clip_active) VALUES (70, 'The Science of Sleep', 'https://video.example.com/clip/70-the-science-of-sleep', '...beskrivning...', '2024-01-01', '00:00:00', 1000, true);
INSERT INTO video_clip (video_clip_id, video_clip_title, video_clip_url, video_clip_description, video_clip_release_date, video_clip_length, video_clip_times_played, video_clip_active) VALUES (71, 'Terraforming Tomorrow', 'https://video.example.com/clip/71-terraforming-tomorrow', '...beskrivning...', '2024-01-01', '00:00:00', 1000, true);
INSERT INTO video_clip (video_clip_id, video_clip_title, video_clip_url, video_clip_description, video_clip_release_date, video_clip_length, video_clip_times_played, video_clip_active) VALUES (72, 'Ocean Farms', 'https://video.example.com/clip/72-ocean-farms', '...beskrivning...', '2024-01-01', '00:00:00', 1000, true);
INSERT INTO video_clip (video_clip_id, video_clip_title, video_clip_url, video_clip_description, video_clip_release_date, video_clip_length, video_clip_times_played, video_clip_active) VALUES (73, 'Electric Skies', 'https://video.example.com/clip/73-electric-skies', '...beskrivning...', '2024-01-01', '00:00:00', 1000, true);
INSERT INTO video_clip (video_clip_id, video_clip_title, video_clip_url, video_clip_description, video_clip_release_date, video_clip_length, video_clip_times_played, video_clip_active) VALUES (74, 'Quantum Internet', 'https://video.example.com/clip/74-quantum-internet', '...beskrivning...', '2024-01-01', '00:00:00', 1000, true);
INSERT INTO video_clip (video_clip_id, video_clip_title, video_clip_url, video_clip_description, video_clip_release_date, video_clip_length, video_clip_times_played, video_clip_active) VALUES (75, 'Food Without Farms', 'https://video.example.com/clip/75-food-without-farms', '...beskrivning...', '2024-01-01', '00:00:00', 1000, true);
INSERT INTO video_clip (video_clip_id, video_clip_title, video_clip_url, video_clip_description, video_clip_release_date, video_clip_length, video_clip_times_played, video_clip_active) VALUES (76, 'Sunlight in a Bottle', 'https://video.example.com/clip/76-sunlight-in-a-bottle', '...beskrivning...', '2024-01-01', '00:00:00', 1000, true);
INSERT INTO video_clip (video_clip_id, video_clip_title, video_clip_url, video_clip_description, video_clip_release_date, video_clip_length, video_clip_times_played, video_clip_active) VALUES (77, 'Cities that Breathe', 'https://video.example.com/clip/77-cities-that-breathe', '...beskrivning...', '2024-01-01', '00:00:00', 1000, true);
INSERT INTO video_clip (video_clip_id, video_clip_title, video_clip_url, video_clip_description, video_clip_release_date, video_clip_length, video_clip_times_played, video_clip_active) VALUES (78, 'Edge Computing Everywhere', 'https://video.example.com/clip/78-edge-computing-everywhere', '...beskrivning...', '2024-01-01', '00:00:00', 1000, true);
INSERT INTO video_clip (video_clip_id, video_clip_title, video_clip_url, video_clip_description, video_clip_release_date, video_clip_length, video_clip_times_played, video_clip_active) VALUES (79, 'Mars Logistics', 'https://video.example.com/clip/79-mars-logistics', '...beskrivning...', '2024-01-01', '00:00:00', 1000, true);
INSERT INTO video_clip (video_clip_id, video_clip_title, video_clip_url, video_clip_description, video_clip_release_date, video_clip_length, video_clip_times_played, video_clip_active) VALUES (80, 'Frontiers of Health', 'https://video.example.com/clip/80-frontiers-of-health', '...beskrivning...', '2024-01-01', '00:00:00', 1000, true);
INSERT INTO video_clip (video_clip_id, video_clip_title, video_clip_url, video_clip_description, video_clip_release_date, video_clip_length, video_clip_times_played, video_clip_active) VALUES (81, 'Morning Rituals', 'https://video.example.com/clip/81-morning-rituals', '...beskrivning...', '2024-01-01', '00:00:00', 1000, true);
INSERT INTO video_clip (video_clip_id, video_clip_title, video_clip_url, video_clip_description, video_clip_release_date, video_clip_length, video_clip_times_played, video_clip_active) VALUES (82, 'Stories over Steam', 'https://video.example.com/clip/82-stories-over-steam', '...beskrivning...', '2024-01-01', '00:00:00', 1000, true);
INSERT INTO video_clip (video_clip_id, video_clip_title, video_clip_url, video_clip_description, video_clip_release_date, video_clip_length, video_clip_times_played, video_clip_active) VALUES (83, 'Table for Two', 'https://video.example.com/clip/83-table-for-two', '...beskrivning...', '2024-01-01', '00:00:00', 1000, true);
INSERT INTO video_clip (video_clip_id, video_clip_title, video_clip_url, video_clip_description, video_clip_release_date, video_clip_length, video_clip_times_played, video_clip_active) VALUES (84, 'Notebook Margins', 'https://video.example.com/clip/84-notebook-margins', '...beskrivning...', '2024-01-01', '00:00:00', 1000, true);
INSERT INTO video_clip (video_clip_id, video_clip_title, video_clip_url, video_clip_description, video_clip_release_date, video_clip_length, video_clip_times_played, video_clip_active) VALUES (85, 'Serendipity', 'https://video.example.com/clip/85-serendipity', '...beskrivning...', '2024-01-01', '00:00:00', 1000, true);
INSERT INTO video_clip (video_clip_id, video_clip_title, video_clip_url, video_clip_description, video_clip_release_date, video_clip_length, video_clip_times_played, video_clip_active) VALUES (86, 'Quiet Ambition', 'https://video.example.com/clip/86-quiet-ambition', '...beskrivning...', '2024-01-01', '00:00:00', 1000, true);
INSERT INTO video_clip (video_clip_id, video_clip_title, video_clip_url, video_clip_description, video_clip_release_date, video_clip_length, video_clip_times_played, video_clip_active) VALUES (87, 'Roadside Wisdom', 'https://video.example.com/clip/87-roadside-wisdom', '...beskrivning...', '2024-01-01', '00:00:00', 1000, true);
INSERT INTO video_clip (video_clip_id, video_clip_title, video_clip_url, video_clip_description, video_clip_release_date, video_clip_length, video_clip_times_played, video_clip_active) VALUES (88, 'Late Night Pages', 'https://video.example.com/clip/88-late-night-pages', '...beskrivning...', '2024-01-01', '00:00:00', 1000, true);
INSERT INTO video_clip (video_clip_id, video_clip_title, video_clip_url, video_clip_description, video_clip_release_date, video_clip_length, video_clip_times_played, video_clip_active) VALUES (89, 'Soundtrack Sundays', 'https://video.example.com/clip/89-soundtrack-sundays', '...beskrivning...', '2024-01-01', '00:00:00', 1000, true);
INSERT INTO video_clip (video_clip_id, video_clip_title, video_clip_url, video_clip_description, video_clip_release_date, video_clip_length, video_clip_times_played, video_clip_active) VALUES (90, 'Coffee Break Live', 'https://video.example.com/clip/90-coffee-break-live', '...beskrivning...', '2024-01-01', '00:00:00', 1000, true);
INSERT INTO video_clip (video_clip_id, video_clip_title, video_clip_url, video_clip_description, video_clip_release_date, video_clip_length, video_clip_times_played, video_clip_active) VALUES (91, 'Signal in the Noise', 'https://video.example.com/clip/91-signal-in-the-noise', '...beskrivning...', '2024-01-01', '00:00:00', 1000, true);
INSERT INTO video_clip (video_clip_id, video_clip_title, video_clip_url, video_clip_description, video_clip_release_date, video_clip_length, video_clip_times_played, video_clip_active) VALUES (92, 'Whale Song', 'https://video.example.com/clip/92-whale-song', '...beskrivning...', '2024-01-01', '00:00:00', 1000, true);
INSERT INTO video_clip (video_clip_id, video_clip_title, video_clip_url, video_clip_description, video_clip_release_date, video_clip_length, video_clip_times_played, video_clip_active) VALUES (93, 'Echo Chamber', 'https://video.example.com/clip/93-echo-chamber', '...beskrivning...', '2024-01-01', '00:00:00', 1000, true);
INSERT INTO video_clip (video_clip_id, video_clip_title, video_clip_url, video_clip_description, video_clip_release_date, video_clip_length, video_clip_times_played, video_clip_active) VALUES (94, 'Underground Frequencies', 'https://video.example.com/clip/94-underground-frequencies', '...beskrivning...', '2024-01-01', '00:00:00', 1000, true);
INSERT INTO video_clip (video_clip_id, video_clip_title, video_clip_url, video_clip_description, video_clip_release_date, video_clip_length, video_clip_times_played, video_clip_active) VALUES (95, 'Sonic Boom', 'https://video.example.com/clip/95-sonic-boom', '...beskrivning...', '2024-01-01', '00:00:00', 1000, true);
INSERT INTO video_clip (video_clip_id, video_clip_title, video_clip_url, video_clip_description, video_clip_release_date, video_clip_length, video_clip_times_played, video_clip_active) VALUES (96, 'Quiet Zones', 'https://video.example.com/clip/96-quiet-zones', '...beskrivning...', '2024-01-01', '00:00:00', 1000, true);
INSERT INTO video_clip (video_clip_id, video_clip_title, video_clip_url, video_clip_description, video_clip_release_date, video_clip_length, video_clip_times_played, video_clip_active) VALUES (97, 'Voice Prints', 'https://video.example.com/clip/97-voice-prints', '...beskrivning...', '2024-01-01', '00:00:00', 1000, true);
INSERT INTO video_clip (video_clip_id, video_clip_title, video_clip_url, video_clip_description, video_clip_release_date, video_clip_length, video_clip_times_played, video_clip_active) VALUES (98, 'Rhythm of the Earth', 'https://video.example.com/clip/98-rhythm-of-the-earth', '...beskrivning...', '2024-01-01', '00:00:00', 1000, true);
INSERT INTO video_clip (video_clip_id, video_clip_title, video_clip_url, video_clip_description, video_clip_release_date, video_clip_length, video_clip_times_played, video_clip_active) VALUES (99, 'Numbers You Can Hear', 'https://video.example.com/clip/99-numbers-you-can-hear', '...beskrivning...', '2024-01-01', '00:00:00', 1000, true);
INSERT INTO video_clip (video_clip_id, video_clip_title, video_clip_url, video_clip_description, video_clip_release_date, video_clip_length, video_clip_times_played, video_clip_active) VALUES (100, 'The Hidden Signal', 'https://video.example.com/clip/100-the-hidden-signal', '...beskrivning...', '2024-01-01', '00:00:00', 1000, false);

-- Link creators and genres to video clips
INSERT INTO video_clip_creators (video_clip_id, creator_id) VALUES (1, 11);
INSERT INTO video_clip_creators (video_clip_id, creator_id) VALUES (1, 17);
INSERT INTO video_clip_genres (video_clip_id, genre_id) VALUES (1, 12);
INSERT INTO video_clip_genres (video_clip_id, genre_id) VALUES (1, 17);
INSERT INTO video_clip_genres (video_clip_id, genre_id) VALUES (1, 20);
INSERT INTO video_clip_creators (video_clip_id, creator_id) VALUES (2, 11);
INSERT INTO video_clip_creators (video_clip_id, creator_id) VALUES (2, 17);
INSERT INTO video_clip_genres (video_clip_id, genre_id) VALUES (2, 12);
INSERT INTO video_clip_genres (video_clip_id, genre_id) VALUES (2, 17);
INSERT INTO video_clip_genres (video_clip_id, genre_id) VALUES (2, 20);
INSERT INTO video_clip_creators (video_clip_id, creator_id) VALUES (3, 11);
INSERT INTO video_clip_creators (video_clip_id, creator_id) VALUES (3, 17);
INSERT INTO video_clip_genres (video_clip_id, genre_id) VALUES (3, 12);
INSERT INTO video_clip_genres (video_clip_id, genre_id) VALUES (3, 17);
INSERT INTO video_clip_genres (video_clip_id, genre_id) VALUES (3, 20);
INSERT INTO video_clip_creators (video_clip_id, creator_id) VALUES (4, 11);
INSERT INTO video_clip_creators (video_clip_id, creator_id) VALUES (4, 17);
INSERT INTO video_clip_genres (video_clip_id, genre_id) VALUES (4, 12);
INSERT INTO video_clip_genres (video_clip_id, genre_id) VALUES (4, 17);
INSERT INTO video_clip_genres (video_clip_id, genre_id) VALUES (4, 20);
INSERT INTO video_clip_creators (video_clip_id, creator_id) VALUES (5, 11);
INSERT INTO video_clip_creators (video_clip_id, creator_id) VALUES (5, 17);
INSERT INTO video_clip_genres (video_clip_id, genre_id) VALUES (5, 12);
INSERT INTO video_clip_genres (video_clip_id, genre_id) VALUES (5, 17);
INSERT INTO video_clip_genres (video_clip_id, genre_id) VALUES (5, 20);
INSERT INTO video_clip_creators (video_clip_id, creator_id) VALUES (6, 11);
INSERT INTO video_clip_creators (video_clip_id, creator_id) VALUES (6, 17);
INSERT INTO video_clip_genres (video_clip_id, genre_id) VALUES (6, 12);
INSERT INTO video_clip_genres (video_clip_id, genre_id) VALUES (6, 17);
INSERT INTO video_clip_genres (video_clip_id, genre_id) VALUES (6, 20);
INSERT INTO video_clip_creators (video_clip_id, creator_id) VALUES (7, 11);
INSERT INTO video_clip_creators (video_clip_id, creator_id) VALUES (7, 17);
INSERT INTO video_clip_genres (video_clip_id, genre_id) VALUES (7, 12);
INSERT INTO video_clip_genres (video_clip_id, genre_id) VALUES (7, 17);
INSERT INTO video_clip_genres (video_clip_id, genre_id) VALUES (7, 20);
INSERT INTO video_clip_creators (video_clip_id, creator_id) VALUES (8, 11);
INSERT INTO video_clip_creators (video_clip_id, creator_id) VALUES (8, 17);
INSERT INTO video_clip_genres (video_clip_id, genre_id) VALUES (8, 12);
INSERT INTO video_clip_genres (video_clip_id, genre_id) VALUES (8, 17);
INSERT INTO video_clip_genres (video_clip_id, genre_id) VALUES (8, 20);
INSERT INTO video_clip_creators (video_clip_id, creator_id) VALUES (9, 11);
INSERT INTO video_clip_creators (video_clip_id, creator_id) VALUES (9, 17);
INSERT INTO video_clip_genres (video_clip_id, genre_id) VALUES (9, 12);
INSERT INTO video_clip_genres (video_clip_id, genre_id) VALUES (9, 17);
INSERT INTO video_clip_genres (video_clip_id, genre_id) VALUES (9, 20);
INSERT INTO video_clip_creators (video_clip_id, creator_id) VALUES (10, 11);
INSERT INTO video_clip_creators (video_clip_id, creator_id) VALUES (10, 17);
INSERT INTO video_clip_genres (video_clip_id, genre_id) VALUES (10, 12);
INSERT INTO video_clip_genres (video_clip_id, genre_id) VALUES (10, 17);
INSERT INTO video_clip_genres (video_clip_id, genre_id) VALUES (10, 20);
INSERT INTO video_clip_creators (video_clip_id, creator_id) VALUES (11, 44);
INSERT INTO video_clip_creators (video_clip_id, creator_id) VALUES (11, 28);
INSERT INTO video_clip_genres (video_clip_id, genre_id) VALUES (11, 16);
INSERT INTO video_clip_genres (video_clip_id, genre_id) VALUES (11, 24);
INSERT INTO video_clip_genres (video_clip_id, genre_id) VALUES (11, 20);
INSERT INTO video_clip_creators (video_clip_id, creator_id) VALUES (12, 44);
INSERT INTO video_clip_creators (video_clip_id, creator_id) VALUES (12, 28);
INSERT INTO video_clip_genres (video_clip_id, genre_id) VALUES (12, 16);
INSERT INTO video_clip_genres (video_clip_id, genre_id) VALUES (12, 24);
INSERT INTO video_clip_genres (video_clip_id, genre_id) VALUES (12, 20);
INSERT INTO video_clip_creators (video_clip_id, creator_id) VALUES (13, 44);
INSERT INTO video_clip_creators (video_clip_id, creator_id) VALUES (13, 28);
INSERT INTO video_clip_genres (video_clip_id, genre_id) VALUES (13, 16);
INSERT INTO video_clip_genres (video_clip_id, genre_id) VALUES (13, 24);
INSERT INTO video_clip_genres (video_clip_id, genre_id) VALUES (13, 20);
INSERT INTO video_clip_creators (video_clip_id, creator_id) VALUES (14, 44);
INSERT INTO video_clip_creators (video_clip_id, creator_id) VALUES (14, 28);
INSERT INTO video_clip_genres (video_clip_id, genre_id) VALUES (14, 16);
INSERT INTO video_clip_genres (video_clip_id, genre_id) VALUES (14, 24);
INSERT INTO video_clip_genres (video_clip_id, genre_id) VALUES (14, 20);
INSERT INTO video_clip_creators (video_clip_id, creator_id) VALUES (15, 44);
INSERT INTO video_clip_creators (video_clip_id, creator_id) VALUES (15, 28);
INSERT INTO video_clip_genres (video_clip_id, genre_id) VALUES (15, 16);
INSERT INTO video_clip_genres (video_clip_id, genre_id) VALUES (15, 24);
INSERT INTO video_clip_genres (video_clip_id, genre_id) VALUES (15, 20);
INSERT INTO video_clip_creators (video_clip_id, creator_id) VALUES (16, 44);
INSERT INTO video_clip_creators (video_clip_id, creator_id) VALUES (16, 28);
INSERT INTO video_clip_genres (video_clip_id, genre_id) VALUES (16, 16);
INSERT INTO video_clip_genres (video_clip_id, genre_id) VALUES (16, 24);
INSERT INTO video_clip_genres (video_clip_id, genre_id) VALUES (16, 20);
INSERT INTO video_clip_creators (video_clip_id, creator_id) VALUES (17, 44);
INSERT INTO video_clip_creators (video_clip_id, creator_id) VALUES (17, 28);
INSERT INTO video_clip_genres (video_clip_id, genre_id) VALUES (17, 16);
INSERT INTO video_clip_genres (video_clip_id, genre_id) VALUES (17, 24);
INSERT INTO video_clip_genres (video_clip_id, genre_id) VALUES (17, 20);
INSERT INTO video_clip_creators (video_clip_id, creator_id) VALUES (18, 44);
INSERT INTO video_clip_creators (video_clip_id, creator_id) VALUES (18, 28);
INSERT INTO video_clip_genres (video_clip_id, genre_id) VALUES (18, 16);
INSERT INTO video_clip_genres (video_clip_id, genre_id) VALUES (18, 24);
INSERT INTO video_clip_genres (video_clip_id, genre_id) VALUES (18, 20);
INSERT INTO video_clip_creators (video_clip_id, creator_id) VALUES (19, 44);
INSERT INTO video_clip_creators (video_clip_id, creator_id) VALUES (19, 28);
INSERT INTO video_clip_genres (video_clip_id, genre_id) VALUES (19, 16);
INSERT INTO video_clip_genres (video_clip_id, genre_id) VALUES (19, 24);
INSERT INTO video_clip_genres (video_clip_id, genre_id) VALUES (19, 20);
INSERT INTO video_clip_creators (video_clip_id, creator_id) VALUES (20, 44);
INSERT INTO video_clip_creators (video_clip_id, creator_id) VALUES (20, 28);
INSERT INTO video_clip_genres (video_clip_id, genre_id) VALUES (20, 16);
INSERT INTO video_clip_genres (video_clip_id, genre_id) VALUES (20, 24);
INSERT INTO video_clip_genres (video_clip_id, genre_id) VALUES (20, 20);
INSERT INTO video_clip_creators (video_clip_id, creator_id) VALUES (21, 33);
INSERT INTO video_clip_creators (video_clip_id, creator_id) VALUES (21, 34);
INSERT INTO video_clip_genres (video_clip_id, genre_id) VALUES (21, 20);
INSERT INTO video_clip_genres (video_clip_id, genre_id) VALUES (21, 17);
INSERT INTO video_clip_genres (video_clip_id, genre_id) VALUES (21, 15);
INSERT INTO video_clip_creators (video_clip_id, creator_id) VALUES (22, 33);
INSERT INTO video_clip_creators (video_clip_id, creator_id) VALUES (22, 34);
INSERT INTO video_clip_genres (video_clip_id, genre_id) VALUES (22, 20);
INSERT INTO video_clip_genres (video_clip_id, genre_id) VALUES (22, 17);
INSERT INTO video_clip_genres (video_clip_id, genre_id) VALUES (22, 15);
INSERT INTO video_clip_creators (video_clip_id, creator_id) VALUES (23, 33);
INSERT INTO video_clip_creators (video_clip_id, creator_id) VALUES (23, 34);
INSERT INTO video_clip_genres (video_clip_id, genre_id) VALUES (23, 20);
INSERT INTO video_clip_genres (video_clip_id, genre_id) VALUES (23, 17);
INSERT INTO video_clip_genres (video_clip_id, genre_id) VALUES (23, 15);
INSERT INTO video_clip_creators (video_clip_id, creator_id) VALUES (24, 33);
INSERT INTO video_clip_creators (video_clip_id, creator_id) VALUES (24, 34);
INSERT INTO video_clip_genres (video_clip_id, genre_id) VALUES (24, 20);
INSERT INTO video_clip_genres (video_clip_id, genre_id) VALUES (24, 17);
INSERT INTO video_clip_genres (video_clip_id, genre_id) VALUES (24, 15);
INSERT INTO video_clip_creators (video_clip_id, creator_id) VALUES (25, 33);
INSERT INTO video_clip_creators (video_clip_id, creator_id) VALUES (25, 34);
INSERT INTO video_clip_genres (video_clip_id, genre_id) VALUES (25, 20);
INSERT INTO video_clip_genres (video_clip_id, genre_id) VALUES (25, 17);
INSERT INTO video_clip_genres (video_clip_id, genre_id) VALUES (25, 15);
INSERT INTO video_clip_creators (video_clip_id, creator_id) VALUES (26, 33);
INSERT INTO video_clip_creators (video_clip_id, creator_id) VALUES (26, 34);
INSERT INTO video_clip_genres (video_clip_id, genre_id) VALUES (26, 20);
INSERT INTO video_clip_genres (video_clip_id, genre_id) VALUES (26, 17);
INSERT INTO video_clip_genres (video_clip_id, genre_id) VALUES (26, 15);
INSERT INTO video_clip_creators (video_clip_id, creator_id) VALUES (27, 33);
INSERT INTO video_clip_creators (video_clip_id, creator_id) VALUES (27, 34);
INSERT INTO video_clip_genres (video_clip_id, genre_id) VALUES (27, 20);
INSERT INTO video_clip_genres (video_clip_id, genre_id) VALUES (27, 17);
INSERT INTO video_clip_genres (video_clip_id, genre_id) VALUES (27, 15);
INSERT INTO video_clip_creators (video_clip_id, creator_id) VALUES (28, 33);
INSERT INTO video_clip_creators (video_clip_id, creator_id) VALUES (28, 34);
INSERT INTO video_clip_genres (video_clip_id, genre_id) VALUES (28, 20);
INSERT INTO video_clip_genres (video_clip_id, genre_id) VALUES (28, 17);
INSERT INTO video_clip_genres (video_clip_id, genre_id) VALUES (28, 15);
INSERT INTO video_clip_creators (video_clip_id, creator_id) VALUES (29, 33);
INSERT INTO video_clip_creators (video_clip_id, creator_id) VALUES (29, 34);
INSERT INTO video_clip_genres (video_clip_id, genre_id) VALUES (29, 20);
INSERT INTO video_clip_genres (video_clip_id, genre_id) VALUES (29, 17);
INSERT INTO video_clip_genres (video_clip_id, genre_id) VALUES (29, 15);
INSERT INTO video_clip_creators (video_clip_id, creator_id) VALUES (30, 33);
INSERT INTO video_clip_creators (video_clip_id, creator_id) VALUES (30, 34);
INSERT INTO video_clip_genres (video_clip_id, genre_id) VALUES (30, 20);
INSERT INTO video_clip_genres (video_clip_id, genre_id) VALUES (30, 17);
INSERT INTO video_clip_genres (video_clip_id, genre_id) VALUES (30, 15);
INSERT INTO video_clip_creators (video_clip_id, creator_id) VALUES (31, 15);
INSERT INTO video_clip_creators (video_clip_id, creator_id) VALUES (31, 16);
INSERT INTO video_clip_genres (video_clip_id, genre_id) VALUES (31, 17);
INSERT INTO video_clip_genres (video_clip_id, genre_id) VALUES (31, 24);
INSERT INTO video_clip_creators (video_clip_id, creator_id) VALUES (32, 15);
INSERT INTO video_clip_creators (video_clip_id, creator_id) VALUES (32, 16);
INSERT INTO video_clip_genres (video_clip_id, genre_id) VALUES (32, 17);
INSERT INTO video_clip_genres (video_clip_id, genre_id) VALUES (32, 24);
INSERT INTO video_clip_creators (video_clip_id, creator_id) VALUES (33, 15);
INSERT INTO video_clip_creators (video_clip_id, creator_id) VALUES (33, 16);
INSERT INTO video_clip_genres (video_clip_id, genre_id) VALUES (33, 17);
INSERT INTO video_clip_genres (video_clip_id, genre_id) VALUES (33, 24);
INSERT INTO video_clip_creators (video_clip_id, creator_id) VALUES (34, 15);
INSERT INTO video_clip_creators (video_clip_id, creator_id) VALUES (34, 16);
INSERT INTO video_clip_genres (video_clip_id, genre_id) VALUES (34, 17);
INSERT INTO video_clip_genres (video_clip_id, genre_id) VALUES (34, 24);
INSERT INTO video_clip_creators (video_clip_id, creator_id) VALUES (35, 15);
INSERT INTO video_clip_creators (video_clip_id, creator_id) VALUES (35, 16);
INSERT INTO video_clip_genres (video_clip_id, genre_id) VALUES (35, 17);
INSERT INTO video_clip_genres (video_clip_id, genre_id) VALUES (35, 24);
INSERT INTO video_clip_creators (video_clip_id, creator_id) VALUES (36, 15);
INSERT INTO video_clip_creators (video_clip_id, creator_id) VALUES (36, 16);
INSERT INTO video_clip_genres (video_clip_id, genre_id) VALUES (36, 17);
INSERT INTO video_clip_genres (video_clip_id, genre_id) VALUES (36, 24);
INSERT INTO video_clip_creators (video_clip_id, creator_id) VALUES (37, 15);
INSERT INTO video_clip_creators (video_clip_id, creator_id) VALUES (37, 16);
INSERT INTO video_clip_genres (video_clip_id, genre_id) VALUES (37, 17);
INSERT INTO video_clip_genres (video_clip_id, genre_id) VALUES (37, 24);
INSERT INTO video_clip_creators (video_clip_id, creator_id) VALUES (38, 15);
INSERT INTO video_clip_creators (video_clip_id, creator_id) VALUES (38, 16);
INSERT INTO video_clip_genres (video_clip_id, genre_id) VALUES (38, 17);
INSERT INTO video_clip_genres (video_clip_id, genre_id) VALUES (38, 24);
INSERT INTO video_clip_creators (video_clip_id, creator_id) VALUES (39, 15);
INSERT INTO video_clip_creators (video_clip_id, creator_id) VALUES (39, 16);
INSERT INTO video_clip_genres (video_clip_id, genre_id) VALUES (39, 17);
INSERT INTO video_clip_genres (video_clip_id, genre_id) VALUES (39, 24);
INSERT INTO video_clip_creators (video_clip_id, creator_id) VALUES (40, 15);
INSERT INTO video_clip_creators (video_clip_id, creator_id) VALUES (40, 16);
INSERT INTO video_clip_genres (video_clip_id, genre_id) VALUES (40, 17);
INSERT INTO video_clip_genres (video_clip_id, genre_id) VALUES (40, 24);
INSERT INTO video_clip_creators (video_clip_id, creator_id) VALUES (41, 39);
INSERT INTO video_clip_creators (video_clip_id, creator_id) VALUES (41, 40);
INSERT INTO video_clip_genres (video_clip_id, genre_id) VALUES (41, 14);
INSERT INTO video_clip_genres (video_clip_id, genre_id) VALUES (41, 24);
INSERT INTO video_clip_genres (video_clip_id, genre_id) VALUES (41, 15);
INSERT INTO video_clip_creators (video_clip_id, creator_id) VALUES (42, 39);
INSERT INTO video_clip_creators (video_clip_id, creator_id) VALUES (42, 40);
INSERT INTO video_clip_genres (video_clip_id, genre_id) VALUES (42, 14);
INSERT INTO video_clip_genres (video_clip_id, genre_id) VALUES (42, 24);
INSERT INTO video_clip_genres (video_clip_id, genre_id) VALUES (42, 15);
INSERT INTO video_clip_creators (video_clip_id, creator_id) VALUES (43, 39);
INSERT INTO video_clip_creators (video_clip_id, creator_id) VALUES (43, 40);
INSERT INTO video_clip_genres (video_clip_id, genre_id) VALUES (43, 14);
INSERT INTO video_clip_genres (video_clip_id, genre_id) VALUES (43, 24);
INSERT INTO video_clip_genres (video_clip_id, genre_id) VALUES (43, 15);
INSERT INTO video_clip_creators (video_clip_id, creator_id) VALUES (44, 39);
INSERT INTO video_clip_creators (video_clip_id, creator_id) VALUES (44, 40);
INSERT INTO video_clip_genres (video_clip_id, genre_id) VALUES (44, 14);
INSERT INTO video_clip_genres (video_clip_id, genre_id) VALUES (44, 24);
INSERT INTO video_clip_genres (video_clip_id, genre_id) VALUES (44, 15);
INSERT INTO video_clip_creators (video_clip_id, creator_id) VALUES (45, 39);
INSERT INTO video_clip_creators (video_clip_id, creator_id) VALUES (45, 40);
INSERT INTO video_clip_genres (video_clip_id, genre_id) VALUES (45, 14);
INSERT INTO video_clip_genres (video_clip_id, genre_id) VALUES (45, 24);
INSERT INTO video_clip_genres (video_clip_id, genre_id) VALUES (45, 15);
INSERT INTO video_clip_creators (video_clip_id, creator_id) VALUES (46, 39);
INSERT INTO video_clip_creators (video_clip_id, creator_id) VALUES (46, 40);
INSERT INTO video_clip_genres (video_clip_id, genre_id) VALUES (46, 14);
INSERT INTO video_clip_genres (video_clip_id, genre_id) VALUES (46, 24);
INSERT INTO video_clip_genres (video_clip_id, genre_id) VALUES (46, 15);
INSERT INTO video_clip_creators (video_clip_id, creator_id) VALUES (47, 39);
INSERT INTO video_clip_creators (video_clip_id, creator_id) VALUES (47, 40);
INSERT INTO video_clip_genres (video_clip_id, genre_id) VALUES (47, 14);
INSERT INTO video_clip_genres (video_clip_id, genre_id) VALUES (47, 24);
INSERT INTO video_clip_genres (video_clip_id, genre_id) VALUES (47, 15);
INSERT INTO video_clip_creators (video_clip_id, creator_id) VALUES (48, 39);
INSERT INTO video_clip_creators (video_clip_id, creator_id) VALUES (48, 40);
INSERT INTO video_clip_genres (video_clip_id, genre_id) VALUES (48, 14);
INSERT INTO video_clip_genres (video_clip_id, genre_id) VALUES (48, 24);
INSERT INTO video_clip_genres (video_clip_id, genre_id) VALUES (48, 15);
INSERT INTO video_clip_creators (video_clip_id, creator_id) VALUES (49, 39);
INSERT INTO video_clip_creators (video_clip_id, creator_id) VALUES (49, 40);
INSERT INTO video_clip_genres (video_clip_id, genre_id) VALUES (49, 14);
INSERT INTO video_clip_genres (video_clip_id, genre_id) VALUES (49, 24);
INSERT INTO video_clip_genres (video_clip_id, genre_id) VALUES (49, 15);
INSERT INTO video_clip_creators (video_clip_id, creator_id) VALUES (50, 39);
INSERT INTO video_clip_creators (video_clip_id, creator_id) VALUES (50, 40);
INSERT INTO video_clip_genres (video_clip_id, genre_id) VALUES (50, 14);
INSERT INTO video_clip_genres (video_clip_id, genre_id) VALUES (50, 24);
INSERT INTO video_clip_genres (video_clip_id, genre_id) VALUES (50, 15);
INSERT INTO video_clip_creators (video_clip_id, creator_id) VALUES (51, 48);
INSERT INTO video_clip_creators (video_clip_id, creator_id) VALUES (51, 49);
INSERT INTO video_clip_genres (video_clip_id, genre_id) VALUES (51, 21);
INSERT INTO video_clip_genres (video_clip_id, genre_id) VALUES (51, 20);
INSERT INTO video_clip_genres (video_clip_id, genre_id) VALUES (51, 24);
INSERT INTO video_clip_creators (video_clip_id, creator_id) VALUES (52, 48);
INSERT INTO video_clip_creators (video_clip_id, creator_id) VALUES (52, 49);
INSERT INTO video_clip_genres (video_clip_id, genre_id) VALUES (52, 21);
INSERT INTO video_clip_genres (video_clip_id, genre_id) VALUES (52, 20);
INSERT INTO video_clip_genres (video_clip_id, genre_id) VALUES (52, 24);
INSERT INTO video_clip_creators (video_clip_id, creator_id) VALUES (53, 48);
INSERT INTO video_clip_creators (video_clip_id, creator_id) VALUES (53, 49);
INSERT INTO video_clip_genres (video_clip_id, genre_id) VALUES (53, 21);
INSERT INTO video_clip_genres (video_clip_id, genre_id) VALUES (53, 20);
INSERT INTO video_clip_genres (video_clip_id, genre_id) VALUES (53, 24);
INSERT INTO video_clip_creators (video_clip_id, creator_id) VALUES (54, 48);
INSERT INTO video_clip_creators (video_clip_id, creator_id) VALUES (54, 49);
INSERT INTO video_clip_genres (video_clip_id, genre_id) VALUES (54, 21);
INSERT INTO video_clip_genres (video_clip_id, genre_id) VALUES (54, 20);
INSERT INTO video_clip_genres (video_clip_id, genre_id) VALUES (54, 24);
INSERT INTO video_clip_creators (video_clip_id, creator_id) VALUES (55, 48);
INSERT INTO video_clip_creators (video_clip_id, creator_id) VALUES (55, 49);
INSERT INTO video_clip_genres (video_clip_id, genre_id) VALUES (55, 21);
INSERT INTO video_clip_genres (video_clip_id, genre_id) VALUES (55, 20);
INSERT INTO video_clip_genres (video_clip_id, genre_id) VALUES (55, 24);
INSERT INTO video_clip_creators (video_clip_id, creator_id) VALUES (56, 48);
INSERT INTO video_clip_creators (video_clip_id, creator_id) VALUES (56, 49);
INSERT INTO video_clip_genres (video_clip_id, genre_id) VALUES (56, 21);
INSERT INTO video_clip_genres (video_clip_id, genre_id) VALUES (56, 20);
INSERT INTO video_clip_genres (video_clip_id, genre_id) VALUES (56, 24);
INSERT INTO video_clip_creators (video_clip_id, creator_id) VALUES (57, 48);
INSERT INTO video_clip_creators (video_clip_id, creator_id) VALUES (57, 49);
INSERT INTO video_clip_genres (video_clip_id, genre_id) VALUES (57, 21);
INSERT INTO video_clip_genres (video_clip_id, genre_id) VALUES (57, 20);
INSERT INTO video_clip_genres (video_clip_id, genre_id) VALUES (57, 24);
INSERT INTO video_clip_creators (video_clip_id, creator_id) VALUES (58, 48);
INSERT INTO video_clip_creators (video_clip_id, creator_id) VALUES (58, 49);
INSERT INTO video_clip_genres (video_clip_id, genre_id) VALUES (58, 21);
INSERT INTO video_clip_genres (video_clip_id, genre_id) VALUES (58, 20);
INSERT INTO video_clip_genres (video_clip_id, genre_id) VALUES (58, 24);
INSERT INTO video_clip_creators (video_clip_id, creator_id) VALUES (59, 48);
INSERT INTO video_clip_creators (video_clip_id, creator_id) VALUES (59, 49);
INSERT INTO video_clip_genres (video_clip_id, genre_id) VALUES (59, 21);
INSERT INTO video_clip_genres (video_clip_id, genre_id) VALUES (59, 20);
INSERT INTO video_clip_genres (video_clip_id, genre_id) VALUES (59, 24);
INSERT INTO video_clip_creators (video_clip_id, creator_id) VALUES (60, 48);
INSERT INTO video_clip_creators (video_clip_id, creator_id) VALUES (60, 49);
INSERT INTO video_clip_genres (video_clip_id, genre_id) VALUES (60, 21);
INSERT INTO video_clip_genres (video_clip_id, genre_id) VALUES (60, 20);
INSERT INTO video_clip_genres (video_clip_id, genre_id) VALUES (60, 24);
INSERT INTO video_clip_creators (video_clip_id, creator_id) VALUES (61, 38);
INSERT INTO video_clip_creators (video_clip_id, creator_id) VALUES (61, 45);
INSERT INTO video_clip_genres (video_clip_id, genre_id) VALUES (61, 17);
INSERT INTO video_clip_genres (video_clip_id, genre_id) VALUES (61, 20);
INSERT INTO video_clip_creators (video_clip_id, creator_id) VALUES (62, 38);
INSERT INTO video_clip_creators (video_clip_id, creator_id) VALUES (62, 45);
INSERT INTO video_clip_genres (video_clip_id, genre_id) VALUES (62, 17);
INSERT INTO video_clip_genres (video_clip_id, genre_id) VALUES (62, 20);
INSERT INTO video_clip_creators (video_clip_id, creator_id) VALUES (63, 38);
INSERT INTO video_clip_creators (video_clip_id, creator_id) VALUES (63, 45);
INSERT INTO video_clip_genres (video_clip_id, genre_id) VALUES (63, 17);
INSERT INTO video_clip_genres (video_clip_id, genre_id) VALUES (63, 20);
INSERT INTO video_clip_creators (video_clip_id, creator_id) VALUES (64, 38);
INSERT INTO video_clip_creators (video_clip_id, creator_id) VALUES (64, 45);
INSERT INTO video_clip_genres (video_clip_id, genre_id) VALUES (64, 17);
INSERT INTO video_clip_genres (video_clip_id, genre_id) VALUES (64, 20);
INSERT INTO video_clip_creators (video_clip_id, creator_id) VALUES (65, 38);
INSERT INTO video_clip_creators (video_clip_id, creator_id) VALUES (65, 45);
INSERT INTO video_clip_genres (video_clip_id, genre_id) VALUES (65, 17);
INSERT INTO video_clip_genres (video_clip_id, genre_id) VALUES (65, 20);
INSERT INTO video_clip_creators (video_clip_id, creator_id) VALUES (66, 38);
INSERT INTO video_clip_creators (video_clip_id, creator_id) VALUES (66, 45);
INSERT INTO video_clip_genres (video_clip_id, genre_id) VALUES (66, 17);
INSERT INTO video_clip_genres (video_clip_id, genre_id) VALUES (66, 20);
INSERT INTO video_clip_creators (video_clip_id, creator_id) VALUES (67, 38);
INSERT INTO video_clip_creators (video_clip_id, creator_id) VALUES (67, 45);
INSERT INTO video_clip_genres (video_clip_id, genre_id) VALUES (67, 17);
INSERT INTO video_clip_genres (video_clip_id, genre_id) VALUES (67, 20);
INSERT INTO video_clip_creators (video_clip_id, creator_id) VALUES (68, 38);
INSERT INTO video_clip_creators (video_clip_id, creator_id) VALUES (68, 45);
INSERT INTO video_clip_genres (video_clip_id, genre_id) VALUES (68, 17);
INSERT INTO video_clip_genres (video_clip_id, genre_id) VALUES (68, 20);
INSERT INTO video_clip_creators (video_clip_id, creator_id) VALUES (69, 38);
INSERT INTO video_clip_creators (video_clip_id, creator_id) VALUES (69, 45);
INSERT INTO video_clip_genres (video_clip_id, genre_id) VALUES (69, 17);
INSERT INTO video_clip_genres (video_clip_id, genre_id) VALUES (69, 20);
INSERT INTO video_clip_creators (video_clip_id, creator_id) VALUES (70, 38);
INSERT INTO video_clip_creators (video_clip_id, creator_id) VALUES (70, 45);
INSERT INTO video_clip_genres (video_clip_id, genre_id) VALUES (70, 17);
INSERT INTO video_clip_genres (video_clip_id, genre_id) VALUES (70, 20);
INSERT INTO video_clip_creators (video_clip_id, creator_id) VALUES (71, 23);
INSERT INTO video_clip_creators (video_clip_id, creator_id) VALUES (71, 24);
INSERT INTO video_clip_genres (video_clip_id, genre_id) VALUES (71, 12);
INSERT INTO video_clip_genres (video_clip_id, genre_id) VALUES (71, 17);
INSERT INTO video_clip_genres (video_clip_id, genre_id) VALUES (71, 24);
INSERT INTO video_clip_creators (video_clip_id, creator_id) VALUES (72, 23);
INSERT INTO video_clip_creators (video_clip_id, creator_id) VALUES (72, 24);
INSERT INTO video_clip_genres (video_clip_id, genre_id) VALUES (72, 12);
INSERT INTO video_clip_genres (video_clip_id, genre_id) VALUES (72, 17);
INSERT INTO video_clip_genres (video_clip_id, genre_id) VALUES (72, 24);
INSERT INTO video_clip_creators (video_clip_id, creator_id) VALUES (73, 23);
INSERT INTO video_clip_creators (video_clip_id, creator_id) VALUES (73, 24);
INSERT INTO video_clip_genres (video_clip_id, genre_id) VALUES (73, 12);
INSERT INTO video_clip_genres (video_clip_id, genre_id) VALUES (73, 17);
INSERT INTO video_clip_genres (video_clip_id, genre_id) VALUES (73, 24);
INSERT INTO video_clip_creators (video_clip_id, creator_id) VALUES (74, 23);
INSERT INTO video_clip_creators (video_clip_id, creator_id) VALUES (74, 24);
INSERT INTO video_clip_genres (video_clip_id, genre_id) VALUES (74, 12);
INSERT INTO video_clip_genres (video_clip_id, genre_id) VALUES (74, 17);
INSERT INTO video_clip_genres (video_clip_id, genre_id) VALUES (74, 24);
INSERT INTO video_clip_creators (video_clip_id, creator_id) VALUES (75, 23);
INSERT INTO video_clip_creators (video_clip_id, creator_id) VALUES (75, 24);
INSERT INTO video_clip_genres (video_clip_id, genre_id) VALUES (75, 12);
INSERT INTO video_clip_genres (video_clip_id, genre_id) VALUES (75, 17);
INSERT INTO video_clip_genres (video_clip_id, genre_id) VALUES (75, 24);
INSERT INTO video_clip_creators (video_clip_id, creator_id) VALUES (76, 23);
INSERT INTO video_clip_creators (video_clip_id, creator_id) VALUES (76, 24);
INSERT INTO video_clip_genres (video_clip_id, genre_id) VALUES (76, 12);
INSERT INTO video_clip_genres (video_clip_id, genre_id) VALUES (76, 17);
INSERT INTO video_clip_genres (video_clip_id, genre_id) VALUES (76, 24);
INSERT INTO video_clip_creators (video_clip_id, creator_id) VALUES (77, 23);
INSERT INTO video_clip_creators (video_clip_id, creator_id) VALUES (77, 24);
INSERT INTO video_clip_genres (video_clip_id, genre_id) VALUES (77, 12);
INSERT INTO video_clip_genres (video_clip_id, genre_id) VALUES (77, 17);
INSERT INTO video_clip_genres (video_clip_id, genre_id) VALUES (77, 24);
INSERT INTO video_clip_creators (video_clip_id, creator_id) VALUES (78, 23);
INSERT INTO video_clip_creators (video_clip_id, creator_id) VALUES (78, 24);
INSERT INTO video_clip_genres (video_clip_id, genre_id) VALUES (78, 12);
INSERT INTO video_clip_genres (video_clip_id, genre_id) VALUES (78, 17);
INSERT INTO video_clip_genres (video_clip_id, genre_id) VALUES (78, 24);
INSERT INTO video_clip_creators (video_clip_id, creator_id) VALUES (79, 23);
INSERT INTO video_clip_creators (video_clip_id, creator_id) VALUES (79, 24);
INSERT INTO video_clip_genres (video_clip_id, genre_id) VALUES (79, 12);
INSERT INTO video_clip_genres (video_clip_id, genre_id) VALUES (79, 17);
INSERT INTO video_clip_genres (video_clip_id, genre_id) VALUES (79, 24);
INSERT INTO video_clip_creators (video_clip_id, creator_id) VALUES (80, 23);
INSERT INTO video_clip_creators (video_clip_id, creator_id) VALUES (80, 24);
INSERT INTO video_clip_genres (video_clip_id, genre_id) VALUES (80, 12);
INSERT INTO video_clip_genres (video_clip_id, genre_id) VALUES (80, 17);
INSERT INTO video_clip_genres (video_clip_id, genre_id) VALUES (80, 24);
INSERT INTO video_clip_creators (video_clip_id, creator_id) VALUES (81, 41);
INSERT INTO video_clip_creators (video_clip_id, creator_id) VALUES (81, 42);
INSERT INTO video_clip_genres (video_clip_id, genre_id) VALUES (81, 21);
INSERT INTO video_clip_genres (video_clip_id, genre_id) VALUES (81, 20);
INSERT INTO video_clip_creators (video_clip_id, creator_id) VALUES (82, 41);
INSERT INTO video_clip_creators (video_clip_id, creator_id) VALUES (82, 42);
INSERT INTO video_clip_genres (video_clip_id, genre_id) VALUES (82, 21);
INSERT INTO video_clip_genres (video_clip_id, genre_id) VALUES (82, 20);
INSERT INTO video_clip_creators (video_clip_id, creator_id) VALUES (83, 41);
INSERT INTO video_clip_creators (video_clip_id, creator_id) VALUES (83, 42);
INSERT INTO video_clip_genres (video_clip_id, genre_id) VALUES (83, 21);
INSERT INTO video_clip_genres (video_clip_id, genre_id) VALUES (83, 20);
INSERT INTO video_clip_creators (video_clip_id, creator_id) VALUES (84, 41);
INSERT INTO video_clip_creators (video_clip_id, creator_id) VALUES (84, 42);
INSERT INTO video_clip_genres (video_clip_id, genre_id) VALUES (84, 21);
INSERT INTO video_clip_genres (video_clip_id, genre_id) VALUES (84, 20);
INSERT INTO video_clip_creators (video_clip_id, creator_id) VALUES (85, 41);
INSERT INTO video_clip_creators (video_clip_id, creator_id) VALUES (85, 42);
INSERT INTO video_clip_genres (video_clip_id, genre_id) VALUES (85, 21);
INSERT INTO video_clip_genres (video_clip_id, genre_id) VALUES (85, 20);
INSERT INTO video_clip_creators (video_clip_id, creator_id) VALUES (86, 41);
INSERT INTO video_clip_creators (video_clip_id, creator_id) VALUES (86, 42);
INSERT INTO video_clip_genres (video_clip_id, genre_id) VALUES (86, 21);
INSERT INTO video_clip_genres (video_clip_id, genre_id) VALUES (86, 20);
INSERT INTO video_clip_creators (video_clip_id, creator_id) VALUES (87, 41);
INSERT INTO video_clip_creators (video_clip_id, creator_id) VALUES (87, 42);
INSERT INTO video_clip_genres (video_clip_id, genre_id) VALUES (87, 21);
INSERT INTO video_clip_genres (video_clip_id, genre_id) VALUES (87, 20);
INSERT INTO video_clip_creators (video_clip_id, creator_id) VALUES (88, 41);
INSERT INTO video_clip_creators (video_clip_id, creator_id) VALUES (88, 42);
INSERT INTO video_clip_genres (video_clip_id, genre_id) VALUES (88, 21);
INSERT INTO video_clip_genres (video_clip_id, genre_id) VALUES (88, 20);
INSERT INTO video_clip_creators (video_clip_id, creator_id) VALUES (89, 41);
INSERT INTO video_clip_creators (video_clip_id, creator_id) VALUES (89, 42);
INSERT INTO video_clip_genres (video_clip_id, genre_id) VALUES (89, 21);
INSERT INTO video_clip_genres (video_clip_id, genre_id) VALUES (89, 20);
INSERT INTO video_clip_creators (video_clip_id, creator_id) VALUES (90, 41);
INSERT INTO video_clip_creators (video_clip_id, creator_id) VALUES (90, 42);
INSERT INTO video_clip_genres (video_clip_id, genre_id) VALUES (90, 21);
INSERT INTO video_clip_genres (video_clip_id, genre_id) VALUES (90, 20);
INSERT INTO video_clip_creators (video_clip_id, creator_id) VALUES (91, 19);
INSERT INTO video_clip_creators (video_clip_id, creator_id) VALUES (91, 20);
INSERT INTO video_clip_genres (video_clip_id, genre_id) VALUES (91, 24);
INSERT INTO video_clip_genres (video_clip_id, genre_id) VALUES (91, 17);
INSERT INTO video_clip_genres (video_clip_id, genre_id) VALUES (91, 14);
INSERT INTO video_clip_creators (video_clip_id, creator_id) VALUES (92, 19);
INSERT INTO video_clip_creators (video_clip_id, creator_id) VALUES (92, 20);
INSERT INTO video_clip_genres (video_clip_id, genre_id) VALUES (92, 24);
INSERT INTO video_clip_genres (video_clip_id, genre_id) VALUES (92, 17);
INSERT INTO video_clip_genres (video_clip_id, genre_id) VALUES (92, 14);
INSERT INTO video_clip_creators (video_clip_id, creator_id) VALUES (93, 19);
INSERT INTO video_clip_creators (video_clip_id, creator_id) VALUES (93, 20);
INSERT INTO video_clip_genres (video_clip_id, genre_id) VALUES (93, 24);
INSERT INTO video_clip_genres (video_clip_id, genre_id) VALUES (93, 17);
INSERT INTO video_clip_genres (video_clip_id, genre_id) VALUES (93, 14);
INSERT INTO video_clip_creators (video_clip_id, creator_id) VALUES (94, 19);
INSERT INTO video_clip_creators (video_clip_id, creator_id) VALUES (94, 20);
INSERT INTO video_clip_genres (video_clip_id, genre_id) VALUES (94, 24);
INSERT INTO video_clip_genres (video_clip_id, genre_id) VALUES (94, 17);
INSERT INTO video_clip_genres (video_clip_id, genre_id) VALUES (94, 14);
INSERT INTO video_clip_creators (video_clip_id, creator_id) VALUES (95, 19);
INSERT INTO video_clip_creators (video_clip_id, creator_id) VALUES (95, 20);
INSERT INTO video_clip_genres (video_clip_id, genre_id) VALUES (95, 24);
INSERT INTO video_clip_genres (video_clip_id, genre_id) VALUES (95, 17);
INSERT INTO video_clip_genres (video_clip_id, genre_id) VALUES (95, 14);
INSERT INTO video_clip_creators (video_clip_id, creator_id) VALUES (96, 19);
INSERT INTO video_clip_creators (video_clip_id, creator_id) VALUES (96, 20);
INSERT INTO video_clip_genres (video_clip_id, genre_id) VALUES (96, 24);
INSERT INTO video_clip_genres (video_clip_id, genre_id) VALUES (96, 17);
INSERT INTO video_clip_genres (video_clip_id, genre_id) VALUES (96, 14);
INSERT INTO video_clip_creators (video_clip_id, creator_id) VALUES (97, 19);
INSERT INTO video_clip_creators (video_clip_id, creator_id) VALUES (97, 20);
INSERT INTO video_clip_genres (video_clip_id, genre_id) VALUES (97, 24);
INSERT INTO video_clip_genres (video_clip_id, genre_id) VALUES (97, 17);
INSERT INTO video_clip_genres (video_clip_id, genre_id) VALUES (97, 14);
INSERT INTO video_clip_creators (video_clip_id, creator_id) VALUES (98, 19);
INSERT INTO video_clip_creators (video_clip_id, creator_id) VALUES (98, 20);
INSERT INTO video_clip_genres (video_clip_id, genre_id) VALUES (98, 24);
INSERT INTO video_clip_genres (video_clip_id, genre_id) VALUES (98, 17);
INSERT INTO video_clip_genres (video_clip_id, genre_id) VALUES (98, 14);
INSERT INTO video_clip_creators (video_clip_id, creator_id) VALUES (99, 19);
INSERT INTO video_clip_creators (video_clip_id, creator_id) VALUES (99, 20);
INSERT INTO video_clip_genres (video_clip_id, genre_id) VALUES (99, 24);
INSERT INTO video_clip_genres (video_clip_id, genre_id) VALUES (99, 17);
INSERT INTO video_clip_genres (video_clip_id, genre_id) VALUES (99, 14);
INSERT INTO video_clip_creators (video_clip_id, creator_id) VALUES (100, 19);
INSERT INTO video_clip_creators (video_clip_id, creator_id) VALUES (100, 20);
INSERT INTO video_clip_genres (video_clip_id, genre_id) VALUES (100, 24);
INSERT INTO video_clip_genres (video_clip_id, genre_id) VALUES (100, 17);
INSERT INTO video_clip_genres (video_clip_id, genre_id) VALUES (100, 14);

-- Insert playlist entries (each video into its playlist with position)
INSERT INTO playlist_entry (playlist_entry_id, playlist_id, video_clip_id, playlist_entry_position) VALUES (1, 1, 1, 1);
INSERT INTO playlist_entry (playlist_entry_id, playlist_id, video_clip_id, playlist_entry_position) VALUES (2, 1, 2, 2);
INSERT INTO playlist_entry (playlist_entry_id, playlist_id, video_clip_id, playlist_entry_position) VALUES (3, 1, 3, 3);
INSERT INTO playlist_entry (playlist_entry_id, playlist_id, video_clip_id, playlist_entry_position) VALUES (4, 1, 4, 4);
INSERT INTO playlist_entry (playlist_entry_id, playlist_id, video_clip_id, playlist_entry_position) VALUES (5, 1, 5, 5);
INSERT INTO playlist_entry (playlist_entry_id, playlist_id, video_clip_id, playlist_entry_position) VALUES (6, 1, 6, 6);
INSERT INTO playlist_entry (playlist_entry_id, playlist_id, video_clip_id, playlist_entry_position) VALUES (7, 1, 7, 7);
INSERT INTO playlist_entry (playlist_entry_id, playlist_id, video_clip_id, playlist_entry_position) VALUES (8, 1, 8, 8);
INSERT INTO playlist_entry (playlist_entry_id, playlist_id, video_clip_id, playlist_entry_position) VALUES (9, 1, 9, 9);
INSERT INTO playlist_entry (playlist_entry_id, playlist_id, video_clip_id, playlist_entry_position) VALUES (10, 1, 10, 10);
INSERT INTO playlist_entry (playlist_entry_id, playlist_id, video_clip_id, playlist_entry_position) VALUES (11, 2, 11, 1);
INSERT INTO playlist_entry (playlist_entry_id, playlist_id, video_clip_id, playlist_entry_position) VALUES (12, 2, 12, 2);
INSERT INTO playlist_entry (playlist_entry_id, playlist_id, video_clip_id, playlist_entry_position) VALUES (13, 2, 13, 3);
INSERT INTO playlist_entry (playlist_entry_id, playlist_id, video_clip_id, playlist_entry_position) VALUES (14, 2, 14, 4);
INSERT INTO playlist_entry (playlist_entry_id, playlist_id, video_clip_id, playlist_entry_position) VALUES (15, 2, 15, 5);
INSERT INTO playlist_entry (playlist_entry_id, playlist_id, video_clip_id, playlist_entry_position) VALUES (16, 2, 16, 6);
INSERT INTO playlist_entry (playlist_entry_id, playlist_id, video_clip_id, playlist_entry_position) VALUES (17, 2, 17, 7);
INSERT INTO playlist_entry (playlist_entry_id, playlist_id, video_clip_id, playlist_entry_position) VALUES (18, 2, 18, 8);
INSERT INTO playlist_entry (playlist_entry_id, playlist_id, video_clip_id, playlist_entry_position) VALUES (19, 2, 19, 9);
INSERT INTO playlist_entry (playlist_entry_id, playlist_id, video_clip_id, playlist_entry_position) VALUES (20, 2, 20, 10);
INSERT INTO playlist_entry (playlist_entry_id, playlist_id, video_clip_id, playlist_entry_position) VALUES (21, 3, 21, 1);
INSERT INTO playlist_entry (playlist_entry_id, playlist_id, video_clip_id, playlist_entry_position) VALUES (22, 3, 22, 2);
INSERT INTO playlist_entry (playlist_entry_id, playlist_id, video_clip_id, playlist_entry_position) VALUES (23, 3, 23, 3);
INSERT INTO playlist_entry (playlist_entry_id, playlist_id, video_clip_id, playlist_entry_position) VALUES (24, 3, 24, 4);
INSERT INTO playlist_entry (playlist_entry_id, playlist_id, video_clip_id, playlist_entry_position) VALUES (25, 3, 25, 5);
INSERT INTO playlist_entry (playlist_entry_id, playlist_id, video_clip_id, playlist_entry_position) VALUES (26, 3, 26, 6);
INSERT INTO playlist_entry (playlist_entry_id, playlist_id, video_clip_id, playlist_entry_position) VALUES (27, 3, 27, 7);
INSERT INTO playlist_entry (playlist_entry_id, playlist_id, video_clip_id, playlist_entry_position) VALUES (28, 3, 28, 8);
INSERT INTO playlist_entry (playlist_entry_id, playlist_id, video_clip_id, playlist_entry_position) VALUES (29, 3, 29, 9);
INSERT INTO playlist_entry (playlist_entry_id, playlist_id, video_clip_id, playlist_entry_position) VALUES (30, 3, 30, 10);
INSERT INTO playlist_entry (playlist_entry_id, playlist_id, video_clip_id, playlist_entry_position) VALUES (31, 4, 31, 1);
INSERT INTO playlist_entry (playlist_entry_id, playlist_id, video_clip_id, playlist_entry_position) VALUES (32, 4, 32, 2);
INSERT INTO playlist_entry (playlist_entry_id, playlist_id, video_clip_id, playlist_entry_position) VALUES (33, 4, 33, 3);
INSERT INTO playlist_entry (playlist_entry_id, playlist_id, video_clip_id, playlist_entry_position) VALUES (34, 4, 34, 4);
INSERT INTO playlist_entry (playlist_entry_id, playlist_id, video_clip_id, playlist_entry_position) VALUES (35, 4, 35, 5);
INSERT INTO playlist_entry (playlist_entry_id, playlist_id, video_clip_id, playlist_entry_position) VALUES (36, 4, 36, 6);
INSERT INTO playlist_entry (playlist_entry_id, playlist_id, video_clip_id, playlist_entry_position) VALUES (37, 4, 37, 7);
INSERT INTO playlist_entry (playlist_entry_id, playlist_id, video_clip_id, playlist_entry_position) VALUES (38, 4, 38, 8);
INSERT INTO playlist_entry (playlist_entry_id, playlist_id, video_clip_id, playlist_entry_position) VALUES (39, 4, 39, 9);
INSERT INTO playlist_entry (playlist_entry_id, playlist_id, video_clip_id, playlist_entry_position) VALUES (40, 4, 40, 10);
INSERT INTO playlist_entry (playlist_entry_id, playlist_id, video_clip_id, playlist_entry_position) VALUES (41, 5, 41, 1);
INSERT INTO playlist_entry (playlist_entry_id, playlist_id, video_clip_id, playlist_entry_position) VALUES (42, 5, 42, 2);
INSERT INTO playlist_entry (playlist_entry_id, playlist_id, video_clip_id, playlist_entry_position) VALUES (43, 5, 43, 3);
INSERT INTO playlist_entry (playlist_entry_id, playlist_id, video_clip_id, playlist_entry_position) VALUES (44, 5, 44, 4);
INSERT INTO playlist_entry (playlist_entry_id, playlist_id, video_clip_id, playlist_entry_position) VALUES (45, 5, 45, 5);
INSERT INTO playlist_entry (playlist_entry_id, playlist_id, video_clip_id, playlist_entry_position) VALUES (46, 5, 46, 6);
INSERT INTO playlist_entry (playlist_entry_id, playlist_id, video_clip_id, playlist_entry_position) VALUES (47, 5, 47, 7);
INSERT INTO playlist_entry (playlist_entry_id, playlist_id, video_clip_id, playlist_entry_position) VALUES (48, 5, 48, 8);
INSERT INTO playlist_entry (playlist_entry_id, playlist_id, video_clip_id, playlist_entry_position) VALUES (49, 5, 49, 9);
INSERT INTO playlist_entry (playlist_entry_id, playlist_id, video_clip_id, playlist_entry_position) VALUES (50, 5, 50, 10);
INSERT INTO playlist_entry (playlist_entry_id, playlist_id, video_clip_id, playlist_entry_position) VALUES (51, 6, 51, 1);
INSERT INTO playlist_entry (playlist_entry_id, playlist_id, video_clip_id, playlist_entry_position) VALUES (52, 6, 52, 2);
INSERT INTO playlist_entry (playlist_entry_id, playlist_id, video_clip_id, playlist_entry_position) VALUES (53, 6, 53, 3);
INSERT INTO playlist_entry (playlist_entry_id, playlist_id, video_clip_id, playlist_entry_position) VALUES (54, 6, 54, 4);
INSERT INTO playlist_entry (playlist_entry_id, playlist_id, video_clip_id, playlist_entry_position) VALUES (55, 6, 55, 5);
INSERT INTO playlist_entry (playlist_entry_id, playlist_id, video_clip_id, playlist_entry_position) VALUES (56, 6, 56, 6);
INSERT INTO playlist_entry (playlist_entry_id, playlist_id, video_clip_id, playlist_entry_position) VALUES (57, 6, 57, 7);
INSERT INTO playlist_entry (playlist_entry_id, playlist_id, video_clip_id, playlist_entry_position) VALUES (58, 6, 58, 8);
INSERT INTO playlist_entry (playlist_entry_id, playlist_id, video_clip_id, playlist_entry_position) VALUES (59, 6, 59, 9);
INSERT INTO playlist_entry (playlist_entry_id, playlist_id, video_clip_id, playlist_entry_position) VALUES (60, 6, 60, 10);
INSERT INTO playlist_entry (playlist_entry_id, playlist_id, video_clip_id, playlist_entry_position) VALUES (61, 7, 61, 1);
INSERT INTO playlist_entry (playlist_entry_id, playlist_id, video_clip_id, playlist_entry_position) VALUES (62, 7, 62, 2);
INSERT INTO playlist_entry (playlist_entry_id, playlist_id, video_clip_id, playlist_entry_position) VALUES (63, 7, 63, 3);
INSERT INTO playlist_entry (playlist_entry_id, playlist_id, video_clip_id, playlist_entry_position) VALUES (64, 7, 64, 4);
INSERT INTO playlist_entry (playlist_entry_id, playlist_id, video_clip_id, playlist_entry_position) VALUES (65, 7, 65, 5);
INSERT INTO playlist_entry (playlist_entry_id, playlist_id, video_clip_id, playlist_entry_position) VALUES (66, 7, 66, 6);
INSERT INTO playlist_entry (playlist_entry_id, playlist_id, video_clip_id, playlist_entry_position) VALUES (67, 7, 67, 7);
INSERT INTO playlist_entry (playlist_entry_id, playlist_id, video_clip_id, playlist_entry_position) VALUES (68, 7, 68, 8);
INSERT INTO playlist_entry (playlist_entry_id, playlist_id, video_clip_id, playlist_entry_position) VALUES (69, 7, 69, 9);
INSERT INTO playlist_entry (playlist_entry_id, playlist_id, video_clip_id, playlist_entry_position) VALUES (70, 7, 70, 10);
INSERT INTO playlist_entry (playlist_entry_id, playlist_id, video_clip_id, playlist_entry_position) VALUES (71, 8, 71, 1);
INSERT INTO playlist_entry (playlist_entry_id, playlist_id, video_clip_id, playlist_entry_position) VALUES (72, 8, 72, 2);
INSERT INTO playlist_entry (playlist_entry_id, playlist_id, video_clip_id, playlist_entry_position) VALUES (73, 8, 73, 3);
INSERT INTO playlist_entry (playlist_entry_id, playlist_id, video_clip_id, playlist_entry_position) VALUES (74, 8, 74, 4);
INSERT INTO playlist_entry (playlist_entry_id, playlist_id, video_clip_id, playlist_entry_position) VALUES (75, 8, 75, 5);
INSERT INTO playlist_entry (playlist_entry_id, playlist_id, video_clip_id, playlist_entry_position) VALUES (76, 8, 76, 6);
INSERT INTO playlist_entry (playlist_entry_id, playlist_id, video_clip_id, playlist_entry_position) VALUES (77, 8, 77, 7);
INSERT INTO playlist_entry (playlist_entry_id, playlist_id, video_clip_id, playlist_entry_position) VALUES (78, 8, 78, 8);
INSERT INTO playlist_entry (playlist_entry_id, playlist_id, video_clip_id, playlist_entry_position) VALUES (79, 8, 79, 9);
INSERT INTO playlist_entry (playlist_entry_id, playlist_id, video_clip_id, playlist_entry_position) VALUES (80, 8, 80, 10);
INSERT INTO playlist_entry (playlist_entry_id, playlist_id, video_clip_id, playlist_entry_position) VALUES (81, 9, 81, 1);
INSERT INTO playlist_entry (playlist_entry_id, playlist_id, video_clip_id, playlist_entry_position) VALUES (82, 9, 82, 2);
INSERT INTO playlist_entry (playlist_entry_id, playlist_id, video_clip_id, playlist_entry_position) VALUES (83, 9, 83, 3);
INSERT INTO playlist_entry (playlist_entry_id, playlist_id, video_clip_id, playlist_entry_position) VALUES (84, 9, 84, 4);
INSERT INTO playlist_entry (playlist_entry_id, playlist_id, video_clip_id, playlist_entry_position) VALUES (85, 9, 85, 5);
INSERT INTO playlist_entry (playlist_entry_id, playlist_id, video_clip_id, playlist_entry_position) VALUES (86, 9, 86, 6);
INSERT INTO playlist_entry (playlist_entry_id, playlist_id, video_clip_id, playlist_entry_position) VALUES (87, 9, 87, 7);
INSERT INTO playlist_entry (playlist_entry_id, playlist_id, video_clip_id, playlist_entry_position) VALUES (88, 9, 88, 8);
INSERT INTO playlist_entry (playlist_entry_id, playlist_id, video_clip_id, playlist_entry_position) VALUES (89, 9, 89, 9);
INSERT INTO playlist_entry (playlist_entry_id, playlist_id, video_clip_id, playlist_entry_position) VALUES (90, 9, 90, 10);
INSERT INTO playlist_entry (playlist_entry_id, playlist_id, video_clip_id, playlist_entry_position) VALUES (91, 10, 91, 1);
INSERT INTO playlist_entry (playlist_entry_id, playlist_id, video_clip_id, playlist_entry_position) VALUES (92, 10, 92, 2);
INSERT INTO playlist_entry (playlist_entry_id, playlist_id, video_clip_id, playlist_entry_position) VALUES (93, 10, 93, 3);
INSERT INTO playlist_entry (playlist_entry_id, playlist_id, video_clip_id, playlist_entry_position) VALUES (94, 10, 94, 4);
INSERT INTO playlist_entry (playlist_entry_id, playlist_id, video_clip_id, playlist_entry_position) VALUES (95, 10, 95, 5);
INSERT INTO playlist_entry (playlist_entry_id, playlist_id, video_clip_id, playlist_entry_position) VALUES (96, 10, 96, 6);
INSERT INTO playlist_entry (playlist_entry_id, playlist_id, video_clip_id, playlist_entry_position) VALUES (97, 10, 97, 7);
INSERT INTO playlist_entry (playlist_entry_id, playlist_id, video_clip_id, playlist_entry_position) VALUES (98, 10, 98, 8);
INSERT INTO playlist_entry (playlist_entry_id, playlist_id, video_clip_id, playlist_entry_position) VALUES (99, 10, 99, 9);
INSERT INTO playlist_entry (playlist_entry_id, playlist_id, video_clip_id, playlist_entry_position) VALUES (100, 10, 100, 10);
