
--ED-127-AA


-- Insert playlists
INSERT INTO video_playlist (video_playlist_id, video_playlist_title, video_playlist_url, video_playlist_description, video_playlist_creation_date, video_playlist_active) VALUES (1, 'Voices of Tomorrow', 'https://pod.example.com/season/1', 'A deep dive into the tech shaping our future.', '2023-01-05', true);
INSERT INTO video_playlist (video_playlist_id, video_playlist_title, video_playlist_url, video_playlist_description, video_playlist_creation_date, video_playlist_active) VALUES (2, 'Echoes of History', 'https://pod.example.com/season/2', 'Exploring untold stories and forgotten events.', '2023-02-10', true);
INSERT INTO video_playlist (video_playlist_id, video_playlist_title, video_playlist_url, video_playlist_description, video_playlist_creation_date, video_playlist_active) VALUES (3, 'Mind Over Matter', 'https://pod.example.com/season/3', 'Psychology, philosophy, and the art of thinking.', '2023-03-15', true);
INSERT INTO video_playlist (video_playlist_id, video_playlist_title, video_playlist_url, video_playlist_description, video_playlist_creation_date, video_playlist_active) VALUES (4, 'The Cosmic Frequency', 'https://pod.example.com/season/4', 'Space, time, and everything in between.', '2023-04-20', true);
INSERT INTO video_playlist (video_playlist_id, video_playlist_title, video_playlist_url, video_playlist_description, video_playlist_creation_date, video_playlist_active) VALUES (5, 'Urban Legends Uncovered', 'https://pod.example.com/season/5', 'Myths and mysteries behind famous stories.', '2023-05-25', true);
INSERT INTO video_playlist (video_playlist_id, video_playlist_title, video_playlist_url, video_playlist_description, video_playlist_creation_date, video_playlist_active) VALUES (6, 'Creative Minds', 'https://pod.example.com/season/6', 'Conversations with artists, writers, and innovators.', '2023-06-30', true);
INSERT INTO video_playlist (video_playlist_id, video_playlist_title, video_playlist_url, video_playlist_description, video_playlist_creation_date, video_playlist_active) VALUES (7, 'The Sound of Science', 'https://pod.example.com/season/7', 'Breaking down complex discoveries in simple terms.', '2023-08-04', true);
INSERT INTO video_playlist (video_playlist_id, video_playlist_title, video_playlist_url, video_playlist_description, video_playlist_creation_date, video_playlist_active) VALUES (8, 'Future Frontiers', 'https://pod.example.com/season/8', 'Exploring the edge of innovation and exploration.', '2023-09-08', true);
INSERT INTO video_playlist (video_playlist_id, video_playlist_title, video_playlist_url, video_playlist_description, video_playlist_creation_date, video_playlist_active) VALUES (9, 'Coffee and Conversations', 'https://pod.example.com/season/9', 'Casual talks with extraordinary people.', '2023-10-13', true);
INSERT INTO video_playlist (video_playlist_id, video_playlist_title, video_playlist_url, video_playlist_description, video_playlist_creation_date, video_playlist_active) VALUES (10, 'The Hidden Signal', 'https://pod.example.com/season/10', 'Investigating mysteries of sound, frequency, and rhythm.', '2023-11-17', true);

-- Link creators to playlists
INSERT INTO video_playlist_creators (video_playlist_id, creator_id) VALUES (1, 11);
INSERT INTO video_playlist_creators (video_playlist_id, creator_id) VALUES (1, 17);
INSERT INTO video_playlist_creators (video_playlist_id, creator_id) VALUES (2, 44);
INSERT INTO video_playlist_creators (video_playlist_id, creator_id) VALUES (2, 28);
INSERT INTO video_playlist_creators (video_playlist_id, creator_id) VALUES (3, 33);
INSERT INTO video_playlist_creators (video_playlist_id, creator_id) VALUES (3, 34);
INSERT INTO video_playlist_creators (video_playlist_id, creator_id) VALUES (4, 15);
INSERT INTO video_playlist_creators (video_playlist_id, creator_id) VALUES (4, 16);
INSERT INTO video_playlist_creators (video_playlist_id, creator_id) VALUES (5, 39);
INSERT INTO video_playlist_creators (video_playlist_id, creator_id) VALUES (5, 40);
INSERT INTO video_playlist_creators (video_playlist_id, creator_id) VALUES (6, 48);
INSERT INTO video_playlist_creators (video_playlist_id, creator_id) VALUES (6, 49);
INSERT INTO video_playlist_creators (video_playlist_id, creator_id) VALUES (7, 38);
INSERT INTO video_playlist_creators (video_playlist_id, creator_id) VALUES (7, 45);
INSERT INTO video_playlist_creators (video_playlist_id, creator_id) VALUES (8, 23);
INSERT INTO video_playlist_creators (video_playlist_id, creator_id) VALUES (8, 24);
INSERT INTO video_playlist_creators (video_playlist_id, creator_id) VALUES (9, 41);
INSERT INTO video_playlist_creators (video_playlist_id, creator_id) VALUES (9, 42);
INSERT INTO video_playlist_creators (video_playlist_id, creator_id) VALUES (10, 19);
INSERT INTO video_playlist_creators (video_playlist_id, creator_id) VALUES (10, 20);

-- Insert video clips
INSERT INTO video_clip (video_clip_id, video_clip_title, video_clip_url, video_clip_description, video_clip_release_date, video_clip_length, video_clip_times_played, video_clip_active) VALUES (1, 'The Dawn of AI', 'https://pod.example.com/ep/1', 'An exploration into artificial intelligence and its impact on daily life.', '2024-01-06', '00:42:10', 1520, true);
INSERT INTO video_clip (video_clip_id, video_clip_title, video_clip_url, video_clip_description, video_clip_release_date, video_clip_length, video_clip_times_played, video_clip_active) VALUES (2, 'Voices from Mars', 'https://pod.example.com/ep/2', 'Scientists discuss communication with future Mars colonies.', '2024-01-13', '00:38:22', 1310, true);
INSERT INTO video_clip (video_clip_id, video_clip_title, video_clip_url, video_clip_description, video_clip_release_date, video_clip_length, video_clip_times_played, video_clip_active) VALUES (3, 'Digital Utopia', 'https://pod.example.com/ep/3', 'What would a world run by AI truly look like?', '2024-01-20', '00:41:33', 1665, true);
INSERT INTO video_clip (video_clip_id, video_clip_title, video_clip_url, video_clip_description, video_clip_release_date, video_clip_length, video_clip_times_played, video_clip_active) VALUES (4, 'Machine Morality', 'https://pod.example.com/ep/4', 'How do we teach robots ethics?', '2024-01-27', '00:39:18', 1422, true);
INSERT INTO video_clip (video_clip_id, video_clip_title, video_clip_url, video_clip_description, video_clip_release_date, video_clip_length, video_clip_times_played, video_clip_active) VALUES (5, 'The End of Privacy', 'https://pod.example.com/ep/5', 'Experts debate the future of privacy in a data-driven world.', '2024-02-03', '00:43:59', 1980, true);
INSERT INTO video_clip (video_clip_id, video_clip_title, video_clip_url, video_clip_description, video_clip_release_date, video_clip_length, video_clip_times_played, video_clip_active) VALUES (6, 'The Virtual Brain', 'https://pod.example.com/ep/6', 'Neuroscientists on the merging of man and machine.', '2024-02-10', '00:40:24', 1205, true);
INSERT INTO video_clip (video_clip_id, video_clip_title, video_clip_url, video_clip_description, video_clip_release_date, video_clip_length, video_clip_times_played, video_clip_active) VALUES (7, 'Conscious Code', 'https://pod.example.com/ep/7', 'Could consciousness emerge from algorithms?', '2024-02-17', '00:44:31', 1783, true);
INSERT INTO video_clip (video_clip_id, video_clip_title, video_clip_url, video_clip_description, video_clip_release_date, video_clip_length, video_clip_times_played, video_clip_active) VALUES (8, 'The Singularity Nears', 'https://pod.example.com/ep/8', 'When technology surpasses human intelligence.', '2024-02-24', '00:47:03', 1650, true);
INSERT INTO video_clip (video_clip_id, video_clip_title, video_clip_url, video_clip_description, video_clip_release_date, video_clip_length, video_clip_times_played, video_clip_active) VALUES (9, 'Quantum Thought', 'https://pod.example.com/ep/9', 'Quantum computing and human cognition.', '2024-03-02', '00:36:44', 1429, true);
INSERT INTO video_clip (video_clip_id, video_clip_title, video_clip_url, video_clip_description, video_clip_release_date, video_clip_length, video_clip_times_played, video_clip_active) VALUES (10, 'The Human Algorithm', 'https://pod.example.com/ep/10', 'What humans can learn from AI design.', '2024-03-09', '00:39:50', 1556, true);
INSERT INTO video_clip (video_clip_id, video_clip_title, video_clip_url, video_clip_description, video_clip_release_date, video_clip_length, video_clip_times_played, video_clip_active) VALUES (11, 'Echoes of Rome', 'https://pod.example.com/ep/11', 'Ancient Rome through sound and storytelling.', '2024-03-16', '00:41:27', 1320, true);
INSERT INTO video_clip (video_clip_id, video_clip_title, video_clip_url, video_clip_description, video_clip_release_date, video_clip_length, video_clip_times_played, video_clip_active) VALUES (12, 'Lost Cities Found', 'https://pod.example.com/ep/12', 'Archaeologists reveal new digital reconstructions.', '2024-03-23', '00:43:42', 1489, true);
INSERT INTO video_clip (video_clip_id, video_clip_title, video_clip_url, video_clip_description, video_clip_release_date, video_clip_length, video_clip_times_played, video_clip_active) VALUES (13, 'The Fall of Empires', 'https://pod.example.com/ep/13', 'How great civilizations collapse.', '2024-03-30', '00:38:36', 1701, true);
INSERT INTO video_clip (video_clip_id, video_clip_title, video_clip_url, video_clip_description, video_clip_release_date, video_clip_length, video_clip_times_played, video_clip_active) VALUES (14, 'The Viking Echo', 'https://pod.example.com/ep/14', 'Uncovering real Norse myths and truths.', '2024-04-06', '00:46:28', 1240, true);
INSERT INTO video_clip (video_clip_id, video_clip_title, video_clip_url, video_clip_description, video_clip_release_date, video_clip_length, video_clip_times_played, video_clip_active) VALUES (15, 'Mystery of the Mayans', 'https://pod.example.com/ep/15', 'What happened to the Maya civilization?', '2024-04-13', '00:39:40', 1560, true);
INSERT INTO video_clip (video_clip_id, video_clip_title, video_clip_url, video_clip_description, video_clip_release_date, video_clip_length, video_clip_times_played, video_clip_active) VALUES (16, 'Greek Machines', 'https://pod.example.com/ep/16', 'How advanced were ancient technologies?', '2024-04-20', '00:42:10', 1732, true);
INSERT INTO video_clip (video_clip_id, video_clip_title, video_clip_url, video_clip_description, video_clip_release_date, video_clip_length, video_clip_times_played, video_clip_active) VALUES (17, 'The Library of Alexandria', 'https://pod.example.com/ep/17', 'A look into lost knowledge.', '2024-04-27', '00:37:57', 1891, true);
INSERT INTO video_clip (video_clip_id, video_clip_title, video_clip_url, video_clip_description, video_clip_release_date, video_clip_length, video_clip_times_played, video_clip_active) VALUES (18, 'Forgotten Wars', 'https://pod.example.com/ep/18', 'Conflicts that changed history but few remember.', '2024-05-04', '00:40:05', 1675, true);
INSERT INTO video_clip (video_clip_id, video_clip_title, video_clip_url, video_clip_description, video_clip_release_date, video_clip_length, video_clip_times_played, video_clip_active) VALUES (19, 'Renaissance Sparks', 'https://pod.example.com/ep/19', 'The rebirth of art and thought.', '2024-05-11', '00:44:21', 1942, true);
INSERT INTO video_clip (video_clip_id, video_clip_title, video_clip_url, video_clip_description, video_clip_release_date, video_clip_length, video_clip_times_played, video_clip_active) VALUES (20, 'Empire of Dust', 'https://pod.example.com/ep/20', 'The cyclical nature of power.', '2024-05-18', '00:39:52', 1536, true);
INSERT INTO video_clip (video_clip_id, video_clip_title, video_clip_url, video_clip_description, video_clip_release_date, video_clip_length, video_clip_times_played, video_clip_active) VALUES (21, 'The Conscious Mind', 'https://pod.example.com/ep/21', 'Understanding human thought through modern psychology.', '2024-05-25', '00:41:09', 1610, true);
INSERT INTO video_clip (video_clip_id, video_clip_title, video_clip_url, video_clip_description, video_clip_release_date, video_clip_length, video_clip_times_played, video_clip_active) VALUES (22, 'Dream Architecture', 'https://pod.example.com/ep/22', 'Exploring the structure of dreams and memory.', '2024-06-01', '00:42:42', 1577, true);
INSERT INTO video_clip (video_clip_id, video_clip_title, video_clip_url, video_clip_description, video_clip_release_date, video_clip_length, video_clip_times_played, video_clip_active) VALUES (23, 'Cognitive Biases', 'https://pod.example.com/ep/23', 'How our minds trick us every day.', '2024-06-08', '00:39:11', 1719, true);
INSERT INTO video_clip (video_clip_id, video_clip_title, video_clip_url, video_clip_description, video_clip_release_date, video_clip_length, video_clip_times_played, video_clip_active) VALUES (24, 'Philosophy of Self', 'https://pod.example.com/ep/24', 'What makes you you?', '2024-06-15', '00:40:53', 1498, true);
INSERT INTO video_clip (video_clip_id, video_clip_title, video_clip_url, video_clip_description, video_clip_release_date, video_clip_length, video_clip_times_played, video_clip_active) VALUES (25, 'Habits and Change', 'https://pod.example.com/ep/25', 'Building and breaking habits effectively.', '2024-06-22', '00:37:38', 1624, true);
INSERT INTO video_clip (video_clip_id, video_clip_title, video_clip_url, video_clip_description, video_clip_release_date, video_clip_length, video_clip_times_played, video_clip_active) VALUES (26, 'Attention Economy', 'https://pod.example.com/ep/26', 'The cost of constant distraction.', '2024-06-29', '00:44:06', 1583, true);
INSERT INTO video_clip (video_clip_id, video_clip_title, video_clip_url, video_clip_description, video_clip_release_date, video_clip_length, video_clip_times_played, video_clip_active) VALUES (27, 'Language and Thought', 'https://pod.example.com/ep/27', 'Does language shape the mind?', '2024-07-06', '00:41:31', 1722, true);
INSERT INTO video_clip (video_clip_id, video_clip_title, video_clip_url, video_clip_description, video_clip_release_date, video_clip_length, video_clip_times_played, video_clip_active) VALUES (28, 'Moral Psychology', 'https://pod.example.com/ep/28', 'Why do we judge right and wrong?', '2024-07-13', '00:43:14', 1689, true);
INSERT INTO video_clip (video_clip_id, video_clip_title, video_clip_url, video_clip_description, video_clip_release_date, video_clip_length, video_clip_times_played, video_clip_active) VALUES (29, 'Memory Palaces', 'https://pod.example.com/ep/29', 'Techniques to remember anything.', '2024-07-20', '00:38:45', 1754, true);
INSERT INTO video_clip (video_clip_id, video_clip_title, video_clip_url, video_clip_description, video_clip_release_date, video_clip_length, video_clip_times_played, video_clip_active) VALUES (30, 'Meaning and Purpose', 'https://pod.example.com/ep/30', 'Finding significance in everyday life.', '2024-07-27', '00:40:27', 1633, true);
INSERT INTO video_clip (video_clip_id, video_clip_title, video_clip_url, video_clip_description, video_clip_release_date, video_clip_length, video_clip_times_played, video_clip_active) VALUES (31, 'Starlight and Gravity', 'https://pod.example.com/ep/31', 'How stars bend space and time.', '2024-08-03', '00:42:37', 1820, true);
INSERT INTO video_clip (video_clip_id, video_clip_title, video_clip_url, video_clip_description, video_clip_release_date, video_clip_length, video_clip_times_played, video_clip_active) VALUES (32, 'Dark Matter Diaries', 'https://pod.example.com/ep/32', 'Chasing the invisible mass of the cosmos.', '2024-08-10', '00:39:29', 1541, true);
INSERT INTO video_clip (video_clip_id, video_clip_title, video_clip_url, video_clip_description, video_clip_release_date, video_clip_length, video_clip_times_played, video_clip_active) VALUES (33, 'Exoplanet Atlas', 'https://pod.example.com/ep/33', 'Worlds beyond our own.', '2024-08-17', '00:44:55', 1904, true);
INSERT INTO video_clip (video_clip_id, video_clip_title, video_clip_url, video_clip_description, video_clip_release_date, video_clip_length, video_clip_times_played, video_clip_active) VALUES (34, 'Signals from Space', 'https://pod.example.com/ep/34', 'Mysterious radio bursts and what they mean.', '2024-08-24', '00:37:21', 1510, true);
INSERT INTO video_clip (video_clip_id, video_clip_title, video_clip_url, video_clip_description, video_clip_release_date, video_clip_length, video_clip_times_played, video_clip_active) VALUES (35, 'Life in the Ice', 'https://pod.example.com/ep/35', 'Astrobiology under extreme conditions.', '2024-08-31', '00:41:13', 1698, true);
INSERT INTO video_clip (video_clip_id, video_clip_title, video_clip_url, video_clip_description, video_clip_release_date, video_clip_length, video_clip_times_played, video_clip_active) VALUES (36, 'Telescope Titans', 'https://pod.example.com/ep/36', 'The machines that let us see the beginning.', '2024-09-07', '00:43:03', 1766, true);
INSERT INTO video_clip (video_clip_id, video_clip_title, video_clip_url, video_clip_description, video_clip_release_date, video_clip_length, video_clip_times_played, video_clip_active) VALUES (37, 'Cosmic Inflation', 'https://pod.example.com/ep/37', 'The universe in its first moments.', '2024-09-14', '00:40:08', 1677, true);
INSERT INTO video_clip (video_clip_id, video_clip_title, video_clip_url, video_clip_description, video_clip_release_date, video_clip_length, video_clip_times_played, video_clip_active) VALUES (38, 'Rings and Things', 'https://pod.example.com/ep/38', 'The physics of planetary rings.', '2024-09-21', '00:39:47', 1509, true);
INSERT INTO video_clip (video_clip_id, video_clip_title, video_clip_url, video_clip_description, video_clip_release_date, video_clip_length, video_clip_times_played, video_clip_active) VALUES (39, 'Galactic Cartography', 'https://pod.example.com/ep/39', 'Mapping the Milky Way.', '2024-09-28', '00:45:12', 1886, true);
INSERT INTO video_clip (video_clip_id, video_clip_title, video_clip_url, video_clip_description, video_clip_release_date, video_clip_length, video_clip_times_played, video_clip_active) VALUES (40, 'Edge of the Observable', 'https://pod.example.com/ep/40', 'What lies beyond what we can see?', '2024-10-05', '00:42:25', 1711, true);
INSERT INTO video_clip (video_clip_id, video_clip_title, video_clip_url, video_clip_description, video_clip_release_date, video_clip_length, video_clip_times_played, video_clip_active) VALUES (41, 'City Myths', 'https://pod.example.com/ep/41', 'Sorting truth from fiction in urban legends.', '2024-10-12', '00:38:19', 1402, true);
INSERT INTO video_clip (video_clip_id, video_clip_title, video_clip_url, video_clip_description, video_clip_release_date, video_clip_length, video_clip_times_played, video_clip_active) VALUES (42, 'Haunted Highways', 'https://pod.example.com/ep/42', 'Ghost stories from the open road.', '2024-10-19', '00:41:44', 1525, true);
INSERT INTO video_clip (video_clip_id, video_clip_title, video_clip_url, video_clip_description, video_clip_release_date, video_clip_length, video_clip_times_played, video_clip_active) VALUES (43, 'Mysterious Numbers', 'https://pod.example.com/ep/43', 'Creepy coincidences and cursed codes.', '2024-10-26', '00:37:56', 1479, true);
INSERT INTO video_clip (video_clip_id, video_clip_title, video_clip_url, video_clip_description, video_clip_release_date, video_clip_length, video_clip_times_played, video_clip_active) VALUES (44, 'Whispers in the Woods', 'https://pod.example.com/ep/44', 'Forest folklore and fear.', '2024-11-02', '00:43:36', 1652, true);
INSERT INTO video_clip (video_clip_id, video_clip_title, video_clip_url, video_clip_description, video_clip_release_date, video_clip_length, video_clip_times_played, video_clip_active) VALUES (45, 'Midnight Broadcast', 'https://pod.example.com/ep/45', 'The pirate radio that wouldn’t die.', '2024-11-09', '00:39:01', 1601, true);
INSERT INTO video_clip (video_clip_id, video_clip_title, video_clip_url, video_clip_description, video_clip_release_date, video_clip_length, video_clip_times_played, video_clip_active) VALUES (46, 'The Vanishing Hotel', 'https://pod.example.com/ep/46', 'A building that appears and disappears.', '2024-11-16', '00:42:12', 1718, true);
INSERT INTO video_clip (video_clip_id, video_clip_title, video_clip_url, video_clip_description, video_clip_release_date, video_clip_length, video_clip_times_played, video_clip_active) VALUES (47, 'The Mirror Game', 'https://pod.example.com/ep/47', 'Superstition or something more?', '2024-11-23', '00:40:34', 1493, true);
INSERT INTO video_clip (video_clip_id, video_clip_title, video_clip_url, video_clip_description, video_clip_release_date, video_clip_length, video_clip_times_played, video_clip_active) VALUES (48, 'Numbers on the Wall', 'https://pod.example.com/ep/48', 'Signals or graffiti?', '2024-11-30', '00:44:18', 1742, true);
INSERT INTO video_clip (video_clip_id, video_clip_title, video_clip_url, video_clip_description, video_clip_release_date, video_clip_length, video_clip_times_played, video_clip_active) VALUES (49, 'The Last Tape', 'https://pod.example.com/ep/49', 'A recording that changes every listen.', '2024-12-07', '00:41:22', 1687, true);
INSERT INTO video_clip (video_clip_id, video_clip_title, video_clip_url, video_clip_description, video_clip_release_date, video_clip_length, video_clip_times_played, video_clip_active) VALUES (50, 'After Midnight', 'https://pod.example.com/ep/50', 'Why things feel different at 3 a.m.', '2024-12-14', '00:39:38', 1628, true);
INSERT INTO video_clip (video_clip_id, video_clip_title, video_clip_url, video_clip_description, video_clip_release_date, video_clip_length, video_clip_times_played, video_clip_active) VALUES (51, 'The Art Habit', 'https://pod.example.com/ep/51', 'Daily creativity without burnout.', '2024-12-21', '00:40:41', 1514, true);
INSERT INTO video_clip (video_clip_id, video_clip_title, video_clip_url, video_clip_description, video_clip_release_date, video_clip_length, video_clip_times_played, video_clip_active) VALUES (52, 'Notes to a Novelist', 'https://pod.example.com/ep/52', 'First drafts, last doubts.', '2024-12-28', '00:42:07', 1555, true);
INSERT INTO video_clip (video_clip_id, video_clip_title, video_clip_url, video_clip_description, video_clip_release_date, video_clip_length, video_clip_times_played, video_clip_active) VALUES (53, 'Studio Rituals', 'https://pod.example.com/ep/53', 'How artists set the stage for work.', '2025-01-04', '00:37:52', 1466, true);
INSERT INTO video_clip (video_clip_id, video_clip_title, video_clip_url, video_clip_description, video_clip_release_date, video_clip_length, video_clip_times_played, video_clip_active) VALUES (54, 'Collaboration Myths', 'https://pod.example.com/ep/54', 'Working together without losing yourself.', '2025-01-11', '00:44:27', 1729, true);
INSERT INTO video_clip (video_clip_id, video_clip_title, video_clip_url, video_clip_description, video_clip_release_date, video_clip_length, video_clip_times_played, video_clip_active) VALUES (55, 'Finding a Voice', 'https://pod.example.com/ep/55', 'Authenticity in an algorithmic world.', '2025-01-18', '00:39:33', 1691, true);
INSERT INTO video_clip (video_clip_id, video_clip_title, video_clip_url, video_clip_description, video_clip_release_date, video_clip_length, video_clip_times_played, video_clip_active) VALUES (56, 'Creative Blocks', 'https://pod.example.com/ep/56', 'When inspiration stalls, systems help.', '2025-01-25', '00:41:49', 1588, true);
INSERT INTO video_clip (video_clip_id, video_clip_title, video_clip_url, video_clip_description, video_clip_release_date, video_clip_length, video_clip_times_played, video_clip_active) VALUES (57, 'The Feedback Loop', 'https://pod.example.com/ep/57', 'Critique that actually helps.', '2025-02-01', '00:43:01', 1761, true);
INSERT INTO video_clip (video_clip_id, video_clip_title, video_clip_url, video_clip_description, video_clip_release_date, video_clip_length, video_clip_times_played, video_clip_active) VALUES (58, 'Publishing Paths', 'https://pod.example.com/ep/58', 'Indie vs. traditional routes.', '2025-02-08', '00:40:29', 1622, true);
INSERT INTO video_clip (video_clip_id, video_clip_title, video_clip_url, video_clip_description, video_clip_release_date, video_clip_length, video_clip_times_played, video_clip_active) VALUES (59, 'Stagecraft', 'https://pod.example.com/ep/59', 'Performing without panic.', '2025-02-15', '00:38:54', 1499, true);
INSERT INTO video_clip (video_clip_id, video_clip_title, video_clip_url, video_clip_description, video_clip_release_date, video_clip_length, video_clip_times_played, video_clip_active) VALUES (60, 'The Aftershow', 'https://pod.example.com/ep/60', 'What happens when the curtain falls.', '2025-02-22', '00:42:33', 1716, true);
INSERT INTO video_clip (video_clip_id, video_clip_title, video_clip_url, video_clip_description, video_clip_release_date, video_clip_length, video_clip_times_played, video_clip_active) VALUES (61, 'Everyday Physics', 'https://pod.example.com/ep/61', 'Science hidden in plain sight.', '2025-03-01', '00:39:28', 1542, true);
INSERT INTO video_clip (video_clip_id, video_clip_title, video_clip_url, video_clip_description, video_clip_release_date, video_clip_length, video_clip_times_played, video_clip_active) VALUES (62, 'Kitchen Chemistry', 'https://pod.example.com/ep/62', 'Reactions you can taste.', '2025-03-08', '00:41:56', 1607, true);
INSERT INTO video_clip (video_clip_id, video_clip_title, video_clip_url, video_clip_description, video_clip_release_date, video_clip_length, video_clip_times_played, video_clip_active) VALUES (63, 'Biology of Belief', 'https://pod.example.com/ep/63', 'Placebos and perception.', '2025-03-15', '00:43:44', 1738, true);
INSERT INTO video_clip (video_clip_id, video_clip_title, video_clip_url, video_clip_description, video_clip_release_date, video_clip_length, video_clip_times_played, video_clip_active) VALUES (64, 'Weather Machines', 'https://pod.example.com/ep/64', 'Can we control the climate?', '2025-03-22', '00:40:02', 1659, true);
INSERT INTO video_clip (video_clip_id, video_clip_title, video_clip_url, video_clip_description, video_clip_release_date, video_clip_length, video_clip_times_played, video_clip_active) VALUES (65, 'Numbers that Lie', 'https://pod.example.com/ep/65', 'Statistics and misdirection.', '2025-03-29', '00:37:46', 1596, true);
INSERT INTO video_clip (video_clip_id, video_clip_title, video_clip_url, video_clip_description, video_clip_release_date, video_clip_length, video_clip_times_played, video_clip_active) VALUES (66, 'Time Travel Rules', 'https://pod.example.com/ep/66', 'Paradoxes and possibilities.', '2025-04-05', '00:42:18', 1774, true);
INSERT INTO video_clip (video_clip_id, video_clip_title, video_clip_url, video_clip_description, video_clip_release_date, video_clip_length, video_clip_times_played, video_clip_active) VALUES (67, 'Microscope Cities', 'https://pod.example.com/ep/67', 'The ecosystems on your skin.', '2025-04-12', '00:41:03', 1681, true);
INSERT INTO video_clip (video_clip_id, video_clip_title, video_clip_url, video_clip_description, video_clip_release_date, video_clip_length, video_clip_times_played, video_clip_active) VALUES (68, 'Sound as Medicine', 'https://pod.example.com/ep/68', 'Therapies built on vibration.', '2025-04-19', '00:39:58', 1507, true);
INSERT INTO video_clip (video_clip_id, video_clip_title, video_clip_url, video_clip_description, video_clip_release_date, video_clip_length, video_clip_times_played, video_clip_active) VALUES (69, 'The Fractal Edge', 'https://pod.example.com/ep/69', 'Patterns that repeat forever.', '2025-04-26', '00:45:00', 1869, true);
INSERT INTO video_clip (video_clip_id, video_clip_title, video_clip_url, video_clip_description, video_clip_release_date, video_clip_length, video_clip_times_played, video_clip_active) VALUES (70, 'The Science of Sleep', 'https://pod.example.com/ep/70', 'Why rest is revolutionary.', '2025-05-03', '00:42:12', 1725, true);
INSERT INTO video_clip (video_clip_id, video_clip_title, video_clip_url, video_clip_description, video_clip_release_date, video_clip_length, video_clip_times_played, video_clip_active) VALUES (71, 'Terraforming Tomorrow', 'https://pod.example.com/ep/71', 'From deserts to forests—can tech help?', '2025-05-10', '00:39:41', 1602, true);
INSERT INTO video_clip (video_clip_id, video_clip_title, video_clip_url, video_clip_description, video_clip_release_date, video_clip_length, video_clip_times_played, video_clip_active) VALUES (72, 'Ocean Farms', 'https://pod.example.com/ep/72', 'Feeding billions from the sea.', '2025-05-17', '00:41:32', 1619, true);
INSERT INTO video_clip (video_clip_id, video_clip_title, video_clip_url, video_clip_description, video_clip_release_date, video_clip_length, video_clip_times_played, video_clip_active) VALUES (73, 'Electric Skies', 'https://pod.example.com/ep/73', 'Air taxis and silent planes.', '2025-05-24', '00:43:22', 1756, true);
INSERT INTO video_clip (video_clip_id, video_clip_title, video_clip_url, video_clip_description, video_clip_release_date, video_clip_length, video_clip_times_played, video_clip_active) VALUES (74, 'Quantum Internet', 'https://pod.example.com/ep/74', 'Unhackable networks?', '2025-05-31', '00:40:11', 1668, true);
INSERT INTO video_clip (video_clip_id, video_clip_title, video_clip_url, video_clip_description, video_clip_release_date, video_clip_length, video_clip_times_played, video_clip_active) VALUES (75, 'Food Without Farms', 'https://pod.example.com/ep/75', 'Cultured meat in your kitchen.', '2025-06-07', '00:38:33', 1586, true);
INSERT INTO video_clip (video_clip_id, video_clip_title, video_clip_url, video_clip_description, video_clip_release_date, video_clip_length, video_clip_times_played, video_clip_active) VALUES (76, 'Sunlight in a Bottle', 'https://pod.example.com/ep/76', 'New bets on fusion power.', '2025-06-14', '00:44:44', 1811, true);
INSERT INTO video_clip (video_clip_id, video_clip_title, video_clip_url, video_clip_description, video_clip_release_date, video_clip_length, video_clip_times_played, video_clip_active) VALUES (77, 'Cities that Breathe', 'https://pod.example.com/ep/77', 'Architecture for clean air.', '2025-06-21', '00:40:26', 1708, true);
INSERT INTO video_clip (video_clip_id, video_clip_title, video_clip_url, video_clip_description, video_clip_release_date, video_clip_length, video_clip_times_played, video_clip_active) VALUES (78, 'Edge Computing Everywhere', 'https://pod.example.com/ep/78', 'When the cloud comes to you.', '2025-06-28', '00:42:06', 1721, true);
INSERT INTO video_clip (video_clip_id, video_clip_title, video_clip_url, video_clip_description, video_clip_release_date, video_clip_length, video_clip_times_played, video_clip_active) VALUES (79, 'Mars Logistics', 'https://pod.example.com/ep/79', 'Supply chains beyond Earth.', '2025-07-05', '00:39:07', 1637, true);
INSERT INTO video_clip (video_clip_id, video_clip_title, video_clip_url, video_clip_description, video_clip_release_date, video_clip_length, video_clip_times_played, video_clip_active) VALUES (80, 'Frontiers of Health', 'https://pod.example.com/ep/80', 'Personalized medicine for all.', '2025-07-12', '00:41:47', 1748, true);
INSERT INTO video_clip (video_clip_id, video_clip_title, video_clip_url, video_clip_description, video_clip_release_date, video_clip_length, video_clip_times_played, video_clip_active) VALUES (81, 'Morning Rituals', 'https://pod.example.com/ep/81', 'Conversations over coffee with makers.', '2025-07-19', '00:37:59', 1509, true);
INSERT INTO video_clip (video_clip_id, video_clip_title, video_clip_url, video_clip_description, video_clip_release_date, video_clip_length, video_clip_times_played, video_clip_active) VALUES (82, 'Stories over Steam', 'https://pod.example.com/ep/82', 'Creativity brewed fresh.', '2025-07-26', '00:39:33', 1521, true);
INSERT INTO video_clip (video_clip_id, video_clip_title, video_clip_url, video_clip_description, video_clip_release_date, video_clip_length, video_clip_times_played, video_clip_active) VALUES (83, 'Table for Two', 'https://pod.example.com/ep/83', 'Intimate talks and big ideas.', '2025-08-02', '00:42:45', 1684, true);
INSERT INTO video_clip (video_clip_id, video_clip_title, video_clip_url, video_clip_description, video_clip_release_date, video_clip_length, video_clip_times_played, video_clip_active) VALUES (84, 'Notebook Margins', 'https://pod.example.com/ep/84', 'Ideas that didn’t fit anywhere else.', '2025-08-09', '00:38:12', 1576, true);
INSERT INTO video_clip (video_clip_id, video_clip_title, video_clip_url, video_clip_description, video_clip_release_date, video_clip_length, video_clip_times_played, video_clip_active) VALUES (85, 'Serendipity', 'https://pod.example.com/ep/85', 'Chance encounters that changed lives.', '2025-08-16', '00:41:21', 1661, true);
INSERT INTO video_clip (video_clip_id, video_clip_title, video_clip_url, video_clip_description, video_clip_release_date, video_clip_length, video_clip_times_played, video_clip_active) VALUES (86, 'Quiet Ambition', 'https://pod.example.com/ep/86', 'Doing meaningful work without the noise.', '2025-08-23', '00:40:02', 1608, true);
INSERT INTO video_clip (video_clip_id, video_clip_title, video_clip_url, video_clip_description, video_clip_release_date, video_clip_length, video_clip_times_played, video_clip_active) VALUES (87, 'Roadside Wisdom', 'https://pod.example.com/ep/87', 'Lessons learned on long drives.', '2025-08-30', '00:43:39', 1766, true);
INSERT INTO video_clip (video_clip_id, video_clip_title, video_clip_url, video_clip_description, video_clip_release_date, video_clip_length, video_clip_times_played, video_clip_active) VALUES (88, 'Late Night Pages', 'https://pod.example.com/ep/88', 'Journals, drafts, and honesty.', '2025-09-06', '00:39:28', 1640, true);
INSERT INTO video_clip (video_clip_id, video_clip_title, video_clip_url, video_clip_description, video_clip_release_date, video_clip_length, video_clip_times_played, video_clip_active) VALUES (89, 'Soundtrack Sundays', 'https://pod.example.com/ep/89', 'Music that made the moment.', '2025-09-13', '00:42:19', 1712, true);
INSERT INTO video_clip (video_clip_id, video_clip_title, video_clip_url, video_clip_description, video_clip_release_date, video_clip_length, video_clip_times_played, video_clip_active) VALUES (90, 'Coffee Break Live', 'https://pod.example.com/ep/90', 'Audience questions and open lines.', '2025-09-20', '00:40:44', 1695, true);
INSERT INTO video_clip (video_clip_id, video_clip_title, video_clip_url, video_clip_description, video_clip_release_date, video_clip_length, video_clip_times_played, video_clip_active) VALUES (91, 'Signal in the Noise', 'https://pod.example.com/ep/91', 'Finding patterns where none should be.', '2025-09-27', '00:41:58', 1735, true);
INSERT INTO video_clip (video_clip_id, video_clip_title, video_clip_url, video_clip_description, video_clip_release_date, video_clip_length, video_clip_times_played, video_clip_active) VALUES (92, 'Whale Song', 'https://pod.example.com/ep/92', 'The physics and poetry of sound.', '2025-10-04', '00:39:12', 1567, true);
INSERT INTO video_clip (video_clip_id, video_clip_title, video_clip_url, video_clip_description, video_clip_release_date, video_clip_length, video_clip_times_played, video_clip_active) VALUES (93, 'Echo Chamber', 'https://pod.example.com/ep/93', 'Why we hear only what we want.', '2025-10-11', '00:44:02', 1827, true);
INSERT INTO video_clip (video_clip_id, video_clip_title, video_clip_url, video_clip_description, video_clip_release_date, video_clip_length, video_clip_times_played, video_clip_active) VALUES (94, 'Underground Frequencies', 'https://pod.example.com/ep/94', 'Signals that travel through stone.', '2025-10-18', '00:40:36', 1683, true);
INSERT INTO video_clip (video_clip_id, video_clip_title, video_clip_url, video_clip_description, video_clip_release_date, video_clip_length, video_clip_times_played, video_clip_active) VALUES (95, 'Sonic Boom', 'https://pod.example.com/ep/95', 'Breaking the sound barrier and beyond.', '2025-10-25', '00:42:48', 1759, true);
INSERT INTO video_clip (video_clip_id, video_clip_title, video_clip_url, video_clip_description, video_clip_release_date, video_clip_length, video_clip_times_played, video_clip_active) VALUES (96, 'Quiet Zones', 'https://pod.example.com/ep/96', 'Places where radio is forbidden.', '2025-11-01', '00:38:40', 1594, true);
INSERT INTO video_clip (video_clip_id, video_clip_title, video_clip_url, video_clip_description, video_clip_release_date, video_clip_length, video_clip_times_played, video_clip_active) VALUES (97, 'Voice Prints', 'https://pod.example.com/ep/97', 'Identification by sound alone.', '2025-11-08', '00:41:06', 1703, true);
INSERT INTO video_clip (video_clip_id, video_clip_title, video_clip_url, video_clip_description, video_clip_release_date, video_clip_length, video_clip_times_played, video_clip_active) VALUES (98, 'Rhythm of the Earth', 'https://pod.example.com/ep/98', 'Seismic songs and planet pulses.', '2025-11-15', '00:43:18', 1779, true);
INSERT INTO video_clip (video_clip_id, video_clip_title, video_clip_url, video_clip_description, video_clip_release_date, video_clip_length, video_clip_times_played, video_clip_active) VALUES (99, 'Numbers You Can Hear', 'https://pod.example.com/ep/99', 'Turning data into melody.', '2025-11-22', '00:39:31', 1627, true);
INSERT INTO video_clip (video_clip_id, video_clip_title, video_clip_url, video_clip_description, video_clip_release_date, video_clip_length, video_clip_times_played, video_clip_active) VALUES (100, 'The Hidden Signal', 'https://pod.example.com/ep/100', 'Tuning into what we usually miss.', '2025-11-29', '00:42:27', 1741, true);

-- Link creators and genres to video clips
INSERT INTO video_clip_creators (video_clip_id, creator_id) VALUES (1, 11);
INSERT INTO video_clip_creators (video_clip_id, creator_id) VALUES (1, 17);
INSERT INTO video_clip_genres (video_clip_id, genre_id) VALUES (1, 12);
INSERT INTO video_clip_genres (video_clip_id, genre_id) VALUES (1, 17);
INSERT INTO video_clip_genres (video_clip_id, genre_id) VALUES (1, 20);
INSERT INTO video_clip_creators (video_clip_id, creator_id) VALUES (2, 11);
INSERT INTO video_clip_creators (video_clip_id, creator_id) VALUES (2, 17);
INSERT INTO video_clip_genres (video_clip_id, genre_id) VALUES (2, 12);
INSERT INTO video_clip_genres (video_clip_id, genre_id) VALUES (2, 17);
INSERT INTO video_clip_genres (video_clip_id, genre_id) VALUES (2, 20);
INSERT INTO video_clip_creators (video_clip_id, creator_id) VALUES (3, 11);
INSERT INTO video_clip_creators (video_clip_id, creator_id) VALUES (3, 17);
INSERT INTO video_clip_genres (video_clip_id, genre_id) VALUES (3, 12);
INSERT INTO video_clip_genres (video_clip_id, genre_id) VALUES (3, 17);
INSERT INTO video_clip_genres (video_clip_id, genre_id) VALUES (3, 20);
INSERT INTO video_clip_creators (video_clip_id, creator_id) VALUES (4, 11);
INSERT INTO video_clip_creators (video_clip_id, creator_id) VALUES (4, 17);
INSERT INTO video_clip_genres (video_clip_id, genre_id) VALUES (4, 12);
INSERT INTO video_clip_genres (video_clip_id, genre_id) VALUES (4, 17);
INSERT INTO video_clip_genres (video_clip_id, genre_id) VALUES (4, 20);
INSERT INTO video_clip_creators (video_clip_id, creator_id) VALUES (5, 11);
INSERT INTO video_clip_creators (video_clip_id, creator_id) VALUES (5, 17);
INSERT INTO video_clip_genres (video_clip_id, genre_id) VALUES (5, 12);
INSERT INTO video_clip_genres (video_clip_id, genre_id) VALUES (5, 17);
INSERT INTO video_clip_genres (video_clip_id, genre_id) VALUES (5, 20);
INSERT INTO video_clip_creators (video_clip_id, creator_id) VALUES (6, 11);
INSERT INTO video_clip_creators (video_clip_id, creator_id) VALUES (6, 17);
INSERT INTO video_clip_genres (video_clip_id, genre_id) VALUES (6, 12);
INSERT INTO video_clip_genres (video_clip_id, genre_id) VALUES (6, 17);
INSERT INTO video_clip_genres (video_clip_id, genre_id) VALUES (6, 20);
INSERT INTO video_clip_creators (video_clip_id, creator_id) VALUES (7, 11);
INSERT INTO video_clip_creators (video_clip_id, creator_id) VALUES (7, 17);
INSERT INTO video_clip_genres (video_clip_id, genre_id) VALUES (7, 12);
INSERT INTO video_clip_genres (video_clip_id, genre_id) VALUES (7, 17);
INSERT INTO video_clip_genres (video_clip_id, genre_id) VALUES (7, 20);
INSERT INTO video_clip_creators (video_clip_id, creator_id) VALUES (8, 11);
INSERT INTO video_clip_creators (video_clip_id, creator_id) VALUES (8, 17);
INSERT INTO video_clip_genres (video_clip_id, genre_id) VALUES (8, 12);
INSERT INTO video_clip_genres (video_clip_id, genre_id) VALUES (8, 17);
INSERT INTO video_clip_genres (video_clip_id, genre_id) VALUES (8, 20);
INSERT INTO video_clip_creators (video_clip_id, creator_id) VALUES (9, 11);
INSERT INTO video_clip_creators (video_clip_id, creator_id) VALUES (9, 17);
INSERT INTO video_clip_genres (video_clip_id, genre_id) VALUES (9, 12);
INSERT INTO video_clip_genres (video_clip_id, genre_id) VALUES (9, 17);
INSERT INTO video_clip_genres (video_clip_id, genre_id) VALUES (9, 20);
INSERT INTO video_clip_creators (video_clip_id, creator_id) VALUES (10, 11);
INSERT INTO video_clip_creators (video_clip_id, creator_id) VALUES (10, 17);
INSERT INTO video_clip_genres (video_clip_id, genre_id) VALUES (10, 12);
INSERT INTO video_clip_genres (video_clip_id, genre_id) VALUES (10, 17);
INSERT INTO video_clip_genres (video_clip_id, genre_id) VALUES (10, 20);
INSERT INTO video_clip_creators (video_clip_id, creator_id) VALUES (11, 44);
INSERT INTO video_clip_creators (video_clip_id, creator_id) VALUES (11, 28);
INSERT INTO video_clip_genres (video_clip_id, genre_id) VALUES (11, 16);
INSERT INTO video_clip_genres (video_clip_id, genre_id) VALUES (11, 24);
INSERT INTO video_clip_genres (video_clip_id, genre_id) VALUES (11, 20);
INSERT INTO video_clip_creators (video_clip_id, creator_id) VALUES (12, 44);
INSERT INTO video_clip_creators (video_clip_id, creator_id) VALUES (12, 28);
INSERT INTO video_clip_genres (video_clip_id, genre_id) VALUES (12, 16);
INSERT INTO video_clip_genres (video_clip_id, genre_id) VALUES (12, 24);
INSERT INTO video_clip_genres (video_clip_id, genre_id) VALUES (12, 20);
INSERT INTO video_clip_creators (video_clip_id, creator_id) VALUES (13, 44);
INSERT INTO video_clip_creators (video_clip_id, creator_id) VALUES (13, 28);
INSERT INTO video_clip_genres (video_clip_id, genre_id) VALUES (13, 16);
INSERT INTO video_clip_genres (video_clip_id, genre_id) VALUES (13, 24);
INSERT INTO video_clip_genres (video_clip_id, genre_id) VALUES (13, 20);
INSERT INTO video_clip_creators (video_clip_id, creator_id) VALUES (14, 44);
INSERT INTO video_clip_creators (video_clip_id, creator_id) VALUES (14, 28);
INSERT INTO video_clip_genres (video_clip_id, genre_id) VALUES (14, 16);
INSERT INTO video_clip_genres (video_clip_id, genre_id) VALUES (14, 24);
INSERT INTO video_clip_genres (video_clip_id, genre_id) VALUES (14, 20);
INSERT INTO video_clip_creators (video_clip_id, creator_id) VALUES (15, 44);
INSERT INTO video_clip_creators (video_clip_id, creator_id) VALUES (15, 28);
INSERT INTO video_clip_genres (video_clip_id, genre_id) VALUES (15, 16);
INSERT INTO video_clip_genres (video_clip_id, genre_id) VALUES (15, 24);
INSERT INTO video_clip_genres (video_clip_id, genre_id) VALUES (15, 20);
INSERT INTO video_clip_creators (video_clip_id, creator_id) VALUES (16, 44);
INSERT INTO video_clip_creators (video_clip_id, creator_id) VALUES (16, 28);
INSERT INTO video_clip_genres (video_clip_id, genre_id) VALUES (16, 16);
INSERT INTO video_clip_genres (video_clip_id, genre_id) VALUES (16, 24);
INSERT INTO video_clip_genres (video_clip_id, genre_id) VALUES (16, 20);
INSERT INTO video_clip_creators (video_clip_id, creator_id) VALUES (17, 44);
INSERT INTO video_clip_creators (video_clip_id, creator_id) VALUES (17, 28);
INSERT INTO video_clip_genres (video_clip_id, genre_id) VALUES (17, 16);
INSERT INTO video_clip_genres (video_clip_id, genre_id) VALUES (17, 24);
INSERT INTO video_clip_genres (video_clip_id, genre_id) VALUES (17, 20);
INSERT INTO video_clip_creators (video_clip_id, creator_id) VALUES (18, 44);
INSERT INTO video_clip_creators (video_clip_id, creator_id) VALUES (18, 28);
INSERT INTO video_clip_genres (video_clip_id, genre_id) VALUES (18, 16);
INSERT INTO video_clip_genres (video_clip_id, genre_id) VALUES (18, 24);
INSERT INTO video_clip_genres (video_clip_id, genre_id) VALUES (18, 20);
INSERT INTO video_clip_creators (video_clip_id, creator_id) VALUES (19, 44);
INSERT INTO video_clip_creators (video_clip_id, creator_id) VALUES (19, 28);
INSERT INTO video_clip_genres (video_clip_id, genre_id) VALUES (19, 16);
INSERT INTO video_clip_genres (video_clip_id, genre_id) VALUES (19, 24);
INSERT INTO video_clip_genres (video_clip_id, genre_id) VALUES (19, 20);
INSERT INTO video_clip_creators (video_clip_id, creator_id) VALUES (20, 44);
INSERT INTO video_clip_creators (video_clip_id, creator_id) VALUES (20, 28);
INSERT INTO video_clip_genres (video_clip_id, genre_id) VALUES (20, 16);
INSERT INTO video_clip_genres (video_clip_id, genre_id) VALUES (20, 24);
INSERT INTO video_clip_genres (video_clip_id, genre_id) VALUES (20, 20);
INSERT INTO video_clip_creators (video_clip_id, creator_id) VALUES (21, 33);
INSERT INTO video_clip_creators (video_clip_id, creator_id) VALUES (21, 34);
INSERT INTO video_clip_genres (video_clip_id, genre_id) VALUES (21, 20);
INSERT INTO video_clip_genres (video_clip_id, genre_id) VALUES (21, 17);
INSERT INTO video_clip_genres (video_clip_id, genre_id) VALUES (21, 15);
INSERT INTO video_clip_creators (video_clip_id, creator_id) VALUES (22, 33);
INSERT INTO video_clip_creators (video_clip_id, creator_id) VALUES (22, 34);
INSERT INTO video_clip_genres (video_clip_id, genre_id) VALUES (22, 20);
INSERT INTO video_clip_genres (video_clip_id, genre_id) VALUES (22, 17);
INSERT INTO video_clip_genres (video_clip_id, genre_id) VALUES (22, 15);
INSERT INTO video_clip_creators (video_clip_id, creator_id) VALUES (23, 33);
INSERT INTO video_clip_creators (video_clip_id, creator_id) VALUES (23, 34);
INSERT INTO video_clip_genres (video_clip_id, genre_id) VALUES (23, 20);
INSERT INTO video_clip_genres (video_clip_id, genre_id) VALUES (23, 17);
INSERT INTO video_clip_genres (video_clip_id, genre_id) VALUES (23, 15);
INSERT INTO video_clip_creators (video_clip_id, creator_id) VALUES (24, 33);
INSERT INTO video_clip_creators (video_clip_id, creator_id) VALUES (24, 34);
INSERT INTO video_clip_genres (video_clip_id, genre_id) VALUES (24, 20);
INSERT INTO video_clip_genres (video_clip_id, genre_id) VALUES (24, 17);
INSERT INTO video_clip_genres (video_clip_id, genre_id) VALUES (24, 15);
INSERT INTO video_clip_creators (video_clip_id, creator_id) VALUES (25, 33);
INSERT INTO video_clip_creators (video_clip_id, creator_id) VALUES (25, 34);
INSERT INTO video_clip_genres (video_clip_id, genre_id) VALUES (25, 20);
INSERT INTO video_clip_genres (video_clip_id, genre_id) VALUES (25, 17);
INSERT INTO video_clip_genres (video_clip_id, genre_id) VALUES (25, 15);
INSERT INTO video_clip_creators (video_clip_id, creator_id) VALUES (26, 33);
INSERT INTO video_clip_creators (video_clip_id, creator_id) VALUES (26, 34);
INSERT INTO video_clip_genres (video_clip_id, genre_id) VALUES (26, 20);
INSERT INTO video_clip_genres (video_clip_id, genre_id) VALUES (26, 17);
INSERT INTO video_clip_genres (video_clip_id, genre_id) VALUES (26, 15);
INSERT INTO video_clip_creators (video_clip_id, creator_id) VALUES (27, 33);
INSERT INTO video_clip_creators (video_clip_id, creator_id) VALUES (27, 34);
INSERT INTO video_clip_genres (video_clip_id, genre_id) VALUES (27, 20);
INSERT INTO video_clip_genres (video_clip_id, genre_id) VALUES (27, 17);
INSERT INTO video_clip_genres (video_clip_id, genre_id) VALUES (27, 15);
INSERT INTO video_clip_creators (video_clip_id, creator_id) VALUES (28, 33);
INSERT INTO video_clip_creators (video_clip_id, creator_id) VALUES (28, 34);
INSERT INTO video_clip_genres (video_clip_id, genre_id) VALUES (28, 20);
INSERT INTO video_clip_genres (video_clip_id, genre_id) VALUES (28, 17);
INSERT INTO video_clip_genres (video_clip_id, genre_id) VALUES (28, 15);
INSERT INTO video_clip_creators (video_clip_id, creator_id) VALUES (29, 33);
INSERT INTO video_clip_creators (video_clip_id, creator_id) VALUES (29, 34);
INSERT INTO video_clip_genres (video_clip_id, genre_id) VALUES (29, 20);
INSERT INTO video_clip_genres (video_clip_id, genre_id) VALUES (29, 17);
INSERT INTO video_clip_genres (video_clip_id, genre_id) VALUES (29, 15);
INSERT INTO video_clip_creators (video_clip_id, creator_id) VALUES (30, 33);
INSERT INTO video_clip_creators (video_clip_id, creator_id) VALUES (30, 34);
INSERT INTO video_clip_genres (video_clip_id, genre_id) VALUES (30, 20);
INSERT INTO video_clip_genres (video_clip_id, genre_id) VALUES (30, 17);
INSERT INTO video_clip_genres (video_clip_id, genre_id) VALUES (30, 15);
INSERT INTO video_clip_creators (video_clip_id, creator_id) VALUES (31, 15);
INSERT INTO video_clip_creators (video_clip_id, creator_id) VALUES (31, 16);
INSERT INTO video_clip_genres (video_clip_id, genre_id) VALUES (31, 17);
INSERT INTO video_clip_genres (video_clip_id, genre_id) VALUES (31, 24);
INSERT INTO video_clip_creators (video_clip_id, creator_id) VALUES (32, 15);
INSERT INTO video_clip_creators (video_clip_id, creator_id) VALUES (32, 16);
INSERT INTO video_clip_genres (video_clip_id, genre_id) VALUES (32, 17);
INSERT INTO video_clip_genres (video_clip_id, genre_id) VALUES (32, 24);
INSERT INTO video_clip_creators (video_clip_id, creator_id) VALUES (33, 15);
INSERT INTO video_clip_creators (video_clip_id, creator_id) VALUES (33, 16);
INSERT INTO video_clip_genres (video_clip_id, genre_id) VALUES (33, 17);
INSERT INTO video_clip_genres (video_clip_id, genre_id) VALUES (33, 24);
INSERT INTO video_clip_creators (video_clip_id, creator_id) VALUES (34, 15);
INSERT INTO video_clip_creators (video_clip_id, creator_id) VALUES (34, 16);
INSERT INTO video_clip_genres (video_clip_id, genre_id) VALUES (34, 17);
INSERT INTO video_clip_genres (video_clip_id, genre_id) VALUES (34, 24);
INSERT INTO video_clip_creators (video_clip_id, creator_id) VALUES (35, 15);
INSERT INTO video_clip_creators (video_clip_id, creator_id) VALUES (35, 16);
INSERT INTO video_clip_genres (video_clip_id, genre_id) VALUES (35, 17);
INSERT INTO video_clip_genres (video_clip_id, genre_id) VALUES (35, 24);
INSERT INTO video_clip_creators (video_clip_id, creator_id) VALUES (36, 15);
INSERT INTO video_clip_creators (video_clip_id, creator_id) VALUES (36, 16);
INSERT INTO video_clip_genres (video_clip_id, genre_id) VALUES (36, 17);
INSERT INTO video_clip_genres (video_clip_id, genre_id) VALUES (36, 24);
INSERT INTO video_clip_creators (video_clip_id, creator_id) VALUES (37, 15);
INSERT INTO video_clip_creators (video_clip_id, creator_id) VALUES (37, 16);
INSERT INTO video_clip_genres (video_clip_id, genre_id) VALUES (37, 17);
INSERT INTO video_clip_genres (video_clip_id, genre_id) VALUES (37, 24);
INSERT INTO video_clip_creators (video_clip_id, creator_id) VALUES (38, 15);
INSERT INTO video_clip_creators (video_clip_id, creator_id) VALUES (38, 16);
INSERT INTO video_clip_genres (video_clip_id, genre_id) VALUES (38, 17);
INSERT INTO video_clip_genres (video_clip_id, genre_id) VALUES (38, 24);
INSERT INTO video_clip_creators (video_clip_id, creator_id) VALUES (39, 15);
INSERT INTO video_clip_creators (video_clip_id, creator_id) VALUES (39, 16);
INSERT INTO video_clip_genres (video_clip_id, genre_id) VALUES (39, 17);
INSERT INTO video_clip_genres (video_clip_id, genre_id) VALUES (39, 24);
INSERT INTO video_clip_creators (video_clip_id, creator_id) VALUES (40, 15);
INSERT INTO video_clip_creators (video_clip_id, creator_id) VALUES (40, 16);
INSERT INTO video_clip_genres (video_clip_id, genre_id) VALUES (40, 17);
INSERT INTO video_clip_genres (video_clip_id, genre_id) VALUES (40, 24);
INSERT INTO video_clip_creators (video_clip_id, creator_id) VALUES (41, 39);
INSERT INTO video_clip_creators (video_clip_id, creator_id) VALUES (41, 40);
INSERT INTO video_clip_genres (video_clip_id, genre_id) VALUES (41, 14);
INSERT INTO video_clip_genres (video_clip_id, genre_id) VALUES (41, 24);
INSERT INTO video_clip_genres (video_clip_id, genre_id) VALUES (41, 15);
INSERT INTO video_clip_creators (video_clip_id, creator_id) VALUES (42, 39);
INSERT INTO video_clip_creators (video_clip_id, creator_id) VALUES (42, 40);
INSERT INTO video_clip_genres (video_clip_id, genre_id) VALUES (42, 14);
INSERT INTO video_clip_genres (video_clip_id, genre_id) VALUES (42, 24);
INSERT INTO video_clip_genres (video_clip_id, genre_id) VALUES (42, 15);
INSERT INTO video_clip_creators (video_clip_id, creator_id) VALUES (43, 39);
INSERT INTO video_clip_creators (video_clip_id, creator_id) VALUES (43, 40);
INSERT INTO video_clip_genres (video_clip_id, genre_id) VALUES (43, 14);
INSERT INTO video_clip_genres (video_clip_id, genre_id) VALUES (43, 24);
INSERT INTO video_clip_genres (video_clip_id, genre_id) VALUES (43, 15);
INSERT INTO video_clip_creators (video_clip_id, creator_id) VALUES (44, 39);
INSERT INTO video_clip_creators (video_clip_id, creator_id) VALUES (44, 40);
INSERT INTO video_clip_genres (video_clip_id, genre_id) VALUES (44, 14);
INSERT INTO video_clip_genres (video_clip_id, genre_id) VALUES (44, 24);
INSERT INTO video_clip_genres (video_clip_id, genre_id) VALUES (44, 15);
INSERT INTO video_clip_creators (video_clip_id, creator_id) VALUES (45, 39);
INSERT INTO video_clip_creators (video_clip_id, creator_id) VALUES (45, 40);
INSERT INTO video_clip_genres (video_clip_id, genre_id) VALUES (45, 14);
INSERT INTO video_clip_genres (video_clip_id, genre_id) VALUES (45, 24);
INSERT INTO video_clip_genres (video_clip_id, genre_id) VALUES (45, 15);
INSERT INTO video_clip_creators (video_clip_id, creator_id) VALUES (46, 39);
INSERT INTO video_clip_creators (video_clip_id, creator_id) VALUES (46, 40);
INSERT INTO video_clip_genres (video_clip_id, genre_id) VALUES (46, 14);
INSERT INTO video_clip_genres (video_clip_id, genre_id) VALUES (46, 24);
INSERT INTO video_clip_genres (video_clip_id, genre_id) VALUES (46, 15);
INSERT INTO video_clip_creators (video_clip_id, creator_id) VALUES (47, 39);
INSERT INTO video_clip_creators (video_clip_id, creator_id) VALUES (47, 40);
INSERT INTO video_clip_genres (video_clip_id, genre_id) VALUES (47, 14);
INSERT INTO video_clip_genres (video_clip_id, genre_id) VALUES (47, 24);
INSERT INTO video_clip_genres (video_clip_id, genre_id) VALUES (47, 15);
INSERT INTO video_clip_creators (video_clip_id, creator_id) VALUES (48, 39);
INSERT INTO video_clip_creators (video_clip_id, creator_id) VALUES (48, 40);
INSERT INTO video_clip_genres (video_clip_id, genre_id) VALUES (48, 14);
INSERT INTO video_clip_genres (video_clip_id, genre_id) VALUES (48, 24);
INSERT INTO video_clip_genres (video_clip_id, genre_id) VALUES (48, 15);
INSERT INTO video_clip_creators (video_clip_id, creator_id) VALUES (49, 39);
INSERT INTO video_clip_creators (video_clip_id, creator_id) VALUES (49, 40);
INSERT INTO video_clip_genres (video_clip_id, genre_id) VALUES (49, 14);
INSERT INTO video_clip_genres (video_clip_id, genre_id) VALUES (49, 24);
INSERT INTO video_clip_genres (video_clip_id, genre_id) VALUES (49, 15);
INSERT INTO video_clip_creators (video_clip_id, creator_id) VALUES (50, 39);
INSERT INTO video_clip_creators (video_clip_id, creator_id) VALUES (50, 40);
INSERT INTO video_clip_genres (video_clip_id, genre_id) VALUES (50, 14);
INSERT INTO video_clip_genres (video_clip_id, genre_id) VALUES (50, 24);
INSERT INTO video_clip_genres (video_clip_id, genre_id) VALUES (50, 15);
INSERT INTO video_clip_creators (video_clip_id, creator_id) VALUES (51, 48);
INSERT INTO video_clip_creators (video_clip_id, creator_id) VALUES (51, 49);
INSERT INTO video_clip_genres (video_clip_id, genre_id) VALUES (51, 21);
INSERT INTO video_clip_genres (video_clip_id, genre_id) VALUES (51, 20);
INSERT INTO video_clip_genres (video_clip_id, genre_id) VALUES (51, 24);
INSERT INTO video_clip_creators (video_clip_id, creator_id) VALUES (52, 48);
INSERT INTO video_clip_creators (video_clip_id, creator_id) VALUES (52, 49);
INSERT INTO video_clip_genres (video_clip_id, genre_id) VALUES (52, 21);
INSERT INTO video_clip_genres (video_clip_id, genre_id) VALUES (52, 20);
INSERT INTO video_clip_genres (video_clip_id, genre_id) VALUES (52, 24);
INSERT INTO video_clip_creators (video_clip_id, creator_id) VALUES (53, 48);
INSERT INTO video_clip_creators (video_clip_id, creator_id) VALUES (53, 49);
INSERT INTO video_clip_genres (video_clip_id, genre_id) VALUES (53, 21);
INSERT INTO video_clip_genres (video_clip_id, genre_id) VALUES (53, 20);
INSERT INTO video_clip_genres (video_clip_id, genre_id) VALUES (53, 24);
INSERT INTO video_clip_creators (video_clip_id, creator_id) VALUES (54, 48);
INSERT INTO video_clip_creators (video_clip_id, creator_id) VALUES (54, 49);
INSERT INTO video_clip_genres (video_clip_id, genre_id) VALUES (54, 21);
INSERT INTO video_clip_genres (video_clip_id, genre_id) VALUES (54, 20);
INSERT INTO video_clip_genres (video_clip_id, genre_id) VALUES (54, 24);
INSERT INTO video_clip_creators (video_clip_id, creator_id) VALUES (55, 48);
INSERT INTO video_clip_creators (video_clip_id, creator_id) VALUES (55, 49);
INSERT INTO video_clip_genres (video_clip_id, genre_id) VALUES (55, 21);
INSERT INTO video_clip_genres (video_clip_id, genre_id) VALUES (55, 20);
INSERT INTO video_clip_genres (video_clip_id, genre_id) VALUES (55, 24);
INSERT INTO video_clip_creators (video_clip_id, creator_id) VALUES (56, 48);
INSERT INTO video_clip_creators (video_clip_id, creator_id) VALUES (56, 49);
INSERT INTO video_clip_genres (video_clip_id, genre_id) VALUES (56, 21);
INSERT INTO video_clip_genres (video_clip_id, genre_id) VALUES (56, 20);
INSERT INTO video_clip_genres (video_clip_id, genre_id) VALUES (56, 24);
INSERT INTO video_clip_creators (video_clip_id, creator_id) VALUES (57, 48);
INSERT INTO video_clip_creators (video_clip_id, creator_id) VALUES (57, 49);
INSERT INTO video_clip_genres (video_clip_id, genre_id) VALUES (57, 21);
INSERT INTO video_clip_genres (video_clip_id, genre_id) VALUES (57, 20);
INSERT INTO video_clip_genres (video_clip_id, genre_id) VALUES (57, 24);
INSERT INTO video_clip_creators (video_clip_id, creator_id) VALUES (58, 48);
INSERT INTO video_clip_creators (video_clip_id, creator_id) VALUES (58, 49);
INSERT INTO video_clip_genres (video_clip_id, genre_id) VALUES (58, 21);
INSERT INTO video_clip_genres (video_clip_id, genre_id) VALUES (58, 20);
INSERT INTO video_clip_genres (video_clip_id, genre_id) VALUES (58, 24);
INSERT INTO video_clip_creators (video_clip_id, creator_id) VALUES (59, 48);
INSERT INTO video_clip_creators (video_clip_id, creator_id) VALUES (59, 49);
INSERT INTO video_clip_genres (video_clip_id, genre_id) VALUES (59, 21);
INSERT INTO video_clip_genres (video_clip_id, genre_id) VALUES (59, 20);
INSERT INTO video_clip_genres (video_clip_id, genre_id) VALUES (59, 24);
INSERT INTO video_clip_creators (video_clip_id, creator_id) VALUES (60, 48);
INSERT INTO video_clip_creators (video_clip_id, creator_id) VALUES (60, 49);
INSERT INTO video_clip_genres (video_clip_id, genre_id) VALUES (60, 21);
INSERT INTO video_clip_genres (video_clip_id, genre_id) VALUES (60, 20);
INSERT INTO video_clip_genres (video_clip_id, genre_id) VALUES (60, 24);
INSERT INTO video_clip_creators (video_clip_id, creator_id) VALUES (61, 38);
INSERT INTO video_clip_creators (video_clip_id, creator_id) VALUES (61, 45);
INSERT INTO video_clip_genres (video_clip_id, genre_id) VALUES (61, 17);
INSERT INTO video_clip_genres (video_clip_id, genre_id) VALUES (61, 20);
INSERT INTO video_clip_creators (video_clip_id, creator_id) VALUES (62, 38);
INSERT INTO video_clip_creators (video_clip_id, creator_id) VALUES (62, 45);
INSERT INTO video_clip_genres (video_clip_id, genre_id) VALUES (62, 17);
INSERT INTO video_clip_genres (video_clip_id, genre_id) VALUES (62, 20);
INSERT INTO video_clip_creators (video_clip_id, creator_id) VALUES (63, 38);
INSERT INTO video_clip_creators (video_clip_id, creator_id) VALUES (63, 45);
INSERT INTO video_clip_genres (video_clip_id, genre_id) VALUES (63, 17);
INSERT INTO video_clip_genres (video_clip_id, genre_id) VALUES (63, 20);
INSERT INTO video_clip_creators (video_clip_id, creator_id) VALUES (64, 38);
INSERT INTO video_clip_creators (video_clip_id, creator_id) VALUES (64, 45);
INSERT INTO video_clip_genres (video_clip_id, genre_id) VALUES (64, 17);
INSERT INTO video_clip_genres (video_clip_id, genre_id) VALUES (64, 20);
INSERT INTO video_clip_creators (video_clip_id, creator_id) VALUES (65, 38);
INSERT INTO video_clip_creators (video_clip_id, creator_id) VALUES (65, 45);
INSERT INTO video_clip_genres (video_clip_id, genre_id) VALUES (65, 17);
INSERT INTO video_clip_genres (video_clip_id, genre_id) VALUES (65, 20);
INSERT INTO video_clip_creators (video_clip_id, creator_id) VALUES (66, 38);
INSERT INTO video_clip_creators (video_clip_id, creator_id) VALUES (66, 45);
INSERT INTO video_clip_genres (video_clip_id, genre_id) VALUES (66, 17);
INSERT INTO video_clip_genres (video_clip_id, genre_id) VALUES (66, 20);
INSERT INTO video_clip_creators (video_clip_id, creator_id) VALUES (67, 38);
INSERT INTO video_clip_creators (video_clip_id, creator_id) VALUES (67, 45);
INSERT INTO video_clip_genres (video_clip_id, genre_id) VALUES (67, 17);
INSERT INTO video_clip_genres (video_clip_id, genre_id) VALUES (67, 20);
INSERT INTO video_clip_creators (video_clip_id, creator_id) VALUES (68, 38);
INSERT INTO video_clip_creators (video_clip_id, creator_id) VALUES (68, 45);
INSERT INTO video_clip_genres (video_clip_id, genre_id) VALUES (68, 17);
INSERT INTO video_clip_genres (video_clip_id, genre_id) VALUES (68, 20);
INSERT INTO video_clip_creators (video_clip_id, creator_id) VALUES (69, 38);
INSERT INTO video_clip_creators (video_clip_id, creator_id) VALUES (69, 45);
INSERT INTO video_clip_genres (video_clip_id, genre_id) VALUES (69, 17);
INSERT INTO video_clip_genres (video_clip_id, genre_id) VALUES (69, 20);
INSERT INTO video_clip_creators (video_clip_id, creator_id) VALUES (70, 38);
INSERT INTO video_clip_creators (video_clip_id, creator_id) VALUES (70, 45);
INSERT INTO video_clip_genres (video_clip_id, genre_id) VALUES (70, 17);
INSERT INTO video_clip_genres (video_clip_id, genre_id) VALUES (70, 20);
INSERT INTO video_clip_creators (video_clip_id, creator_id) VALUES (71, 23);
INSERT INTO video_clip_creators (video_clip_id, creator_id) VALUES (71, 24);
INSERT INTO video_clip_genres (video_clip_id, genre_id) VALUES (71, 12);
INSERT INTO video_clip_genres (video_clip_id, genre_id) VALUES (71, 17);
INSERT INTO video_clip_genres (video_clip_id, genre_id) VALUES (71, 24);
INSERT INTO video_clip_creators (video_clip_id, creator_id) VALUES (72, 23);
INSERT INTO video_clip_creators (video_clip_id, creator_id) VALUES (72, 24);
INSERT INTO video_clip_genres (video_clip_id, genre_id) VALUES (72, 12);
INSERT INTO video_clip_genres (video_clip_id, genre_id) VALUES (72, 17);
INSERT INTO video_clip_genres (video_clip_id, genre_id) VALUES (72, 24);
INSERT INTO video_clip_creators (video_clip_id, creator_id) VALUES (73, 23);
INSERT INTO video_clip_creators (video_clip_id, creator_id) VALUES (73, 24);
INSERT INTO video_clip_genres (video_clip_id, genre_id) VALUES (73, 12);
INSERT INTO video_clip_genres (video_clip_id, genre_id) VALUES (73, 17);
INSERT INTO video_clip_genres (video_clip_id, genre_id) VALUES (73, 24);
INSERT INTO video_clip_creators (video_clip_id, creator_id) VALUES (74, 23);
INSERT INTO video_clip_creators (video_clip_id, creator_id) VALUES (74, 24);
INSERT INTO video_clip_genres (video_clip_id, genre_id) VALUES (74, 12);
INSERT INTO video_clip_genres (video_clip_id, genre_id) VALUES (74, 17);
INSERT INTO video_clip_genres (video_clip_id, genre_id) VALUES (74, 24);
INSERT INTO video_clip_creators (video_clip_id, creator_id) VALUES (75, 23);
INSERT INTO video_clip_creators (video_clip_id, creator_id) VALUES (75, 24);
INSERT INTO video_clip_genres (video_clip_id, genre_id) VALUES (75, 12);
INSERT INTO video_clip_genres (video_clip_id, genre_id) VALUES (75, 17);
INSERT INTO video_clip_genres (video_clip_id, genre_id) VALUES (75, 24);
INSERT INTO video_clip_creators (video_clip_id, creator_id) VALUES (76, 23);
INSERT INTO video_clip_creators (video_clip_id, creator_id) VALUES (76, 24);
INSERT INTO video_clip_genres (video_clip_id, genre_id) VALUES (76, 12);
INSERT INTO video_clip_genres (video_clip_id, genre_id) VALUES (76, 17);
INSERT INTO video_clip_genres (video_clip_id, genre_id) VALUES (76, 24);
INSERT INTO video_clip_creators (video_clip_id, creator_id) VALUES (77, 23);
INSERT INTO video_clip_creators (video_clip_id, creator_id) VALUES (77, 24);
INSERT INTO video_clip_genres (video_clip_id, genre_id) VALUES (77, 12);
INSERT INTO video_clip_genres (video_clip_id, genre_id) VALUES (77, 17);
INSERT INTO video_clip_genres (video_clip_id, genre_id) VALUES (77, 24);
INSERT INTO video_clip_creators (video_clip_id, creator_id) VALUES (78, 23);
INSERT INTO video_clip_creators (video_clip_id, creator_id) VALUES (78, 24);
INSERT INTO video_clip_genres (video_clip_id, genre_id) VALUES (78, 12);
INSERT INTO video_clip_genres (video_clip_id, genre_id) VALUES (78, 17);
INSERT INTO video_clip_genres (video_clip_id, genre_id) VALUES (78, 24);
INSERT INTO video_clip_creators (video_clip_id, creator_id) VALUES (79, 23);
INSERT INTO video_clip_creators (video_clip_id, creator_id) VALUES (79, 24);
INSERT INTO video_clip_genres (video_clip_id, genre_id) VALUES (79, 12);
INSERT INTO video_clip_genres (video_clip_id, genre_id) VALUES (79, 17);
INSERT INTO video_clip_genres (video_clip_id, genre_id) VALUES (79, 24);
INSERT INTO video_clip_creators (video_clip_id, creator_id) VALUES (80, 23);
INSERT INTO video_clip_creators (video_clip_id, creator_id) VALUES (80, 24);
INSERT INTO video_clip_genres (video_clip_id, genre_id) VALUES (80, 12);
INSERT INTO video_clip_genres (video_clip_id, genre_id) VALUES (80, 17);
INSERT INTO video_clip_genres (video_clip_id, genre_id) VALUES (80, 24);
INSERT INTO video_clip_creators (video_clip_id, creator_id) VALUES (81, 41);
INSERT INTO video_clip_creators (video_clip_id, creator_id) VALUES (81, 42);
INSERT INTO video_clip_genres (video_clip_id, genre_id) VALUES (81, 21);
INSERT INTO video_clip_genres (video_clip_id, genre_id) VALUES (81, 20);
INSERT INTO video_clip_creators (video_clip_id, creator_id) VALUES (82, 41);
INSERT INTO video_clip_creators (video_clip_id, creator_id) VALUES (82, 42);
INSERT INTO video_clip_genres (video_clip_id, genre_id) VALUES (82, 21);
INSERT INTO video_clip_genres (video_clip_id, genre_id) VALUES (82, 20);
INSERT INTO video_clip_creators (video_clip_id, creator_id) VALUES (83, 41);
INSERT INTO video_clip_creators (video_clip_id, creator_id) VALUES (83, 42);
INSERT INTO video_clip_genres (video_clip_id, genre_id) VALUES (83, 21);
INSERT INTO video_clip_genres (video_clip_id, genre_id) VALUES (83, 20);
INSERT INTO video_clip_creators (video_clip_id, creator_id) VALUES (84, 41);
INSERT INTO video_clip_creators (video_clip_id, creator_id) VALUES (84, 42);
INSERT INTO video_clip_genres (video_clip_id, genre_id) VALUES (84, 21);
INSERT INTO video_clip_genres (video_clip_id, genre_id) VALUES (84, 20);
INSERT INTO video_clip_creators (video_clip_id, creator_id) VALUES (85, 41);
INSERT INTO video_clip_creators (video_clip_id, creator_id) VALUES (85, 42);
INSERT INTO video_clip_genres (video_clip_id, genre_id) VALUES (85, 21);
INSERT INTO video_clip_genres (video_clip_id, genre_id) VALUES (85, 20);
INSERT INTO video_clip_creators (video_clip_id, creator_id) VALUES (86, 41);
INSERT INTO video_clip_creators (video_clip_id, creator_id) VALUES (86, 42);
INSERT INTO video_clip_genres (video_clip_id, genre_id) VALUES (86, 21);
INSERT INTO video_clip_genres (video_clip_id, genre_id) VALUES (86, 20);
INSERT INTO video_clip_creators (video_clip_id, creator_id) VALUES (87, 41);
INSERT INTO video_clip_creators (video_clip_id, creator_id) VALUES (87, 42);
INSERT INTO video_clip_genres (video_clip_id, genre_id) VALUES (87, 21);
INSERT INTO video_clip_genres (video_clip_id, genre_id) VALUES (87, 20);
INSERT INTO video_clip_creators (video_clip_id, creator_id) VALUES (88, 41);
INSERT INTO video_clip_creators (video_clip_id, creator_id) VALUES (88, 42);
INSERT INTO video_clip_genres (video_clip_id, genre_id) VALUES (88, 21);
INSERT INTO video_clip_genres (video_clip_id, genre_id) VALUES (88, 20);
INSERT INTO video_clip_creators (video_clip_id, creator_id) VALUES (89, 41);
INSERT INTO video_clip_creators (video_clip_id, creator_id) VALUES (89, 42);
INSERT INTO video_clip_genres (video_clip_id, genre_id) VALUES (89, 21);
INSERT INTO video_clip_genres (video_clip_id, genre_id) VALUES (89, 20);
INSERT INTO video_clip_creators (video_clip_id, creator_id) VALUES (90, 41);
INSERT INTO video_clip_creators (video_clip_id, creator_id) VALUES (90, 42);
INSERT INTO video_clip_genres (video_clip_id, genre_id) VALUES (90, 21);
INSERT INTO video_clip_genres (video_clip_id, genre_id) VALUES (90, 20);
INSERT INTO video_clip_creators (video_clip_id, creator_id) VALUES (91, 19);
INSERT INTO video_clip_creators (video_clip_id, creator_id) VALUES (91, 20);
INSERT INTO video_clip_genres (video_clip_id, genre_id) VALUES (91, 24);
INSERT INTO video_clip_genres (video_clip_id, genre_id) VALUES (91, 17);
INSERT INTO video_clip_genres (video_clip_id, genre_id) VALUES (91, 14);
INSERT INTO video_clip_creators (video_clip_id, creator_id) VALUES (92, 19);
INSERT INTO video_clip_creators (video_clip_id, creator_id) VALUES (92, 20);
INSERT INTO video_clip_genres (video_clip_id, genre_id) VALUES (92, 24);
INSERT INTO video_clip_genres (video_clip_id, genre_id) VALUES (92, 17);
INSERT INTO video_clip_genres (video_clip_id, genre_id) VALUES (92, 14);
INSERT INTO video_clip_creators (video_clip_id, creator_id) VALUES (93, 19);
INSERT INTO video_clip_creators (video_clip_id, creator_id) VALUES (93, 20);
INSERT INTO video_clip_genres (video_clip_id, genre_id) VALUES (93, 24);
INSERT INTO video_clip_genres (video_clip_id, genre_id) VALUES (93, 17);
INSERT INTO video_clip_genres (video_clip_id, genre_id) VALUES (93, 14);
INSERT INTO video_clip_creators (video_clip_id, creator_id) VALUES (94, 19);
INSERT INTO video_clip_creators (video_clip_id, creator_id) VALUES (94, 20);
INSERT INTO video_clip_genres (video_clip_id, genre_id) VALUES (94, 24);
INSERT INTO video_clip_genres (video_clip_id, genre_id) VALUES (94, 17);
INSERT INTO video_clip_genres (video_clip_id, genre_id) VALUES (94, 14);
INSERT INTO video_clip_creators (video_clip_id, creator_id) VALUES (95, 19);
INSERT INTO video_clip_creators (video_clip_id, creator_id) VALUES (95, 20);
INSERT INTO video_clip_genres (video_clip_id, genre_id) VALUES (95, 24);
INSERT INTO video_clip_genres (video_clip_id, genre_id) VALUES (95, 17);
INSERT INTO video_clip_genres (video_clip_id, genre_id) VALUES (95, 14);
INSERT INTO video_clip_creators (video_clip_id, creator_id) VALUES (96, 19);
INSERT INTO video_clip_creators (video_clip_id, creator_id) VALUES (96, 20);
INSERT INTO video_clip_genres (video_clip_id, genre_id) VALUES (96, 24);
INSERT INTO video_clip_genres (video_clip_id, genre_id) VALUES (96, 17);
INSERT INTO video_clip_genres (video_clip_id, genre_id) VALUES (96, 14);
INSERT INTO video_clip_creators (video_clip_id, creator_id) VALUES (97, 19);
INSERT INTO video_clip_creators (video_clip_id, creator_id) VALUES (97, 20);
INSERT INTO video_clip_genres (video_clip_id, genre_id) VALUES (97, 24);
INSERT INTO video_clip_genres (video_clip_id, genre_id) VALUES (97, 17);
INSERT INTO video_clip_genres (video_clip_id, genre_id) VALUES (97, 14);
INSERT INTO video_clip_creators (video_clip_id, creator_id) VALUES (98, 19);
INSERT INTO video_clip_creators (video_clip_id, creator_id) VALUES (98, 20);
INSERT INTO video_clip_genres (video_clip_id, genre_id) VALUES (98, 24);
INSERT INTO video_clip_genres (video_clip_id, genre_id) VALUES (98, 17);
INSERT INTO video_clip_genres (video_clip_id, genre_id) VALUES (98, 14);
INSERT INTO video_clip_creators (video_clip_id, creator_id) VALUES (99, 19);
INSERT INTO video_clip_creators (video_clip_id, creator_id) VALUES (99, 20);
INSERT INTO video_clip_genres (video_clip_id, genre_id) VALUES (99, 24);
INSERT INTO video_clip_genres (video_clip_id, genre_id) VALUES (99, 17);
INSERT INTO video_clip_genres (video_clip_id, genre_id) VALUES (99, 14);
INSERT INTO video_clip_creators (video_clip_id, creator_id) VALUES (100, 19);
INSERT INTO video_clip_creators (video_clip_id, creator_id) VALUES (100, 20);
INSERT INTO video_clip_genres (video_clip_id, genre_id) VALUES (100, 24);
INSERT INTO video_clip_genres (video_clip_id, genre_id) VALUES (100, 17);
INSERT INTO video_clip_genres (video_clip_id, genre_id) VALUES (100, 14);

-- Insert playlist entries (each video into its playlist with position)
INSERT INTO playlist_entry (playlist_entry_id, playlist_id, video_clip_id, playlist_entry_position) VALUES (1, 1, 1, 1);
INSERT INTO playlist_entry (playlist_entry_id, playlist_id, video_clip_id, playlist_entry_position) VALUES (2, 1, 2, 2);
INSERT INTO playlist_entry (playlist_entry_id, playlist_id, video_clip_id, playlist_entry_position) VALUES (3, 1, 3, 3);
INSERT INTO playlist_entry (playlist_entry_id, playlist_id, video_clip_id, playlist_entry_position) VALUES (4, 1, 4, 4);
INSERT INTO playlist_entry (playlist_entry_id, playlist_id, video_clip_id, playlist_entry_position) VALUES (5, 1, 5, 5);
INSERT INTO playlist_entry (playlist_entry_id, playlist_id, video_clip_id, playlist_entry_position) VALUES (6, 1, 6, 6);
INSERT INTO playlist_entry (playlist_entry_id, playlist_id, video_clip_id, playlist_entry_position) VALUES (7, 1, 7, 7);
INSERT INTO playlist_entry (playlist_entry_id, playlist_id, video_clip_id, playlist_entry_position) VALUES (8, 1, 8, 8);
INSERT INTO playlist_entry (playlist_entry_id, playlist_id, video_clip_id, playlist_entry_position) VALUES (9, 1, 9, 9);
INSERT INTO playlist_entry (playlist_entry_id, playlist_id, video_clip_id, playlist_entry_position) VALUES (10, 1, 10, 10);
INSERT INTO playlist_entry (playlist_entry_id, playlist_id, video_clip_id, playlist_entry_position) VALUES (11, 2, 11, 1);
INSERT INTO playlist_entry (playlist_entry_id, playlist_id, video_clip_id, playlist_entry_position) VALUES (12, 2, 12, 2);
INSERT INTO playlist_entry (playlist_entry_id, playlist_id, video_clip_id, playlist_entry_position) VALUES (13, 2, 13, 3);
INSERT INTO playlist_entry (playlist_entry_id, playlist_id, video_clip_id, playlist_entry_position) VALUES (14, 2, 14, 4);
INSERT INTO playlist_entry (playlist_entry_id, playlist_id, video_clip_id, playlist_entry_position) VALUES (15, 2, 15, 5);
INSERT INTO playlist_entry (playlist_entry_id, playlist_id, video_clip_id, playlist_entry_position) VALUES (16, 2, 16, 6);
INSERT INTO playlist_entry (playlist_entry_id, playlist_id, video_clip_id, playlist_entry_position) VALUES (17, 2, 17, 7);
INSERT INTO playlist_entry (playlist_entry_id, playlist_id, video_clip_id, playlist_entry_position) VALUES (18, 2, 18, 8);
INSERT INTO playlist_entry (playlist_entry_id, playlist_id, video_clip_id, playlist_entry_position) VALUES (19, 2, 19, 9);
INSERT INTO playlist_entry (playlist_entry_id, playlist_id, video_clip_id, playlist_entry_position) VALUES (20, 2, 20, 10);
INSERT INTO playlist_entry (playlist_entry_id, playlist_id, video_clip_id, playlist_entry_position) VALUES (21, 3, 21, 1);
INSERT INTO playlist_entry (playlist_entry_id, playlist_id, video_clip_id, playlist_entry_position) VALUES (22, 3, 22, 2);
INSERT INTO playlist_entry (playlist_entry_id, playlist_id, video_clip_id, playlist_entry_position) VALUES (23, 3, 23, 3);
INSERT INTO playlist_entry (playlist_entry_id, playlist_id, video_clip_id, playlist_entry_position) VALUES (24, 3, 24, 4);
INSERT INTO playlist_entry (playlist_entry_id, playlist_id, video_clip_id, playlist_entry_position) VALUES (25, 3, 25, 5);
INSERT INTO playlist_entry (playlist_entry_id, playlist_id, video_clip_id, playlist_entry_position) VALUES (26, 3, 26, 6);
INSERT INTO playlist_entry (playlist_entry_id, playlist_id, video_clip_id, playlist_entry_position) VALUES (27, 3, 27, 7);
INSERT INTO playlist_entry (playlist_entry_id, playlist_id, video_clip_id, playlist_entry_position) VALUES (28, 3, 28, 8);
INSERT INTO playlist_entry (playlist_entry_id, playlist_id, video_clip_id, playlist_entry_position) VALUES (29, 3, 29, 9);
INSERT INTO playlist_entry (playlist_entry_id, playlist_id, video_clip_id, playlist_entry_position) VALUES (30, 3, 30, 10);
INSERT INTO playlist_entry (playlist_entry_id, playlist_id, video_clip_id, playlist_entry_position) VALUES (31, 4, 31, 1);
INSERT INTO playlist_entry (playlist_entry_id, playlist_id, video_clip_id, playlist_entry_position) VALUES (32, 4, 32, 2);
INSERT INTO playlist_entry (playlist_entry_id, playlist_id, video_clip_id, playlist_entry_position) VALUES (33, 4, 33, 3);
INSERT INTO playlist_entry (playlist_entry_id, playlist_id, video_clip_id, playlist_entry_position) VALUES (34, 4, 34, 4);
INSERT INTO playlist_entry (playlist_entry_id, playlist_id, video_clip_id, playlist_entry_position) VALUES (35, 4, 35, 5);
INSERT INTO playlist_entry (playlist_entry_id, playlist_id, video_clip_id, playlist_entry_position) VALUES (36, 4, 36, 6);
INSERT INTO playlist_entry (playlist_entry_id, playlist_id, video_clip_id, playlist_entry_position) VALUES (37, 4, 37, 7);
INSERT INTO playlist_entry (playlist_entry_id, playlist_id, video_clip_id, playlist_entry_position) VALUES (38, 4, 38, 8);
INSERT INTO playlist_entry (playlist_entry_id, playlist_id, video_clip_id, playlist_entry_position) VALUES (39, 4, 39, 9);
INSERT INTO playlist_entry (playlist_entry_id, playlist_id, video_clip_id, playlist_entry_position) VALUES (40, 4, 40, 10);
INSERT INTO playlist_entry (playlist_entry_id, playlist_id, video_clip_id, playlist_entry_position) VALUES (41, 5, 41, 1);
INSERT INTO playlist_entry (playlist_entry_id, playlist_id, video_clip_id, playlist_entry_position) VALUES (42, 5, 42, 2);
INSERT INTO playlist_entry (playlist_entry_id, playlist_id, video_clip_id, playlist_entry_position) VALUES (43, 5, 43, 3);
INSERT INTO playlist_entry (playlist_entry_id, playlist_id, video_clip_id, playlist_entry_position) VALUES (44, 5, 44, 4);
INSERT INTO playlist_entry (playlist_entry_id, playlist_id, video_clip_id, playlist_entry_position) VALUES (45, 5, 45, 5);
INSERT INTO playlist_entry (playlist_entry_id, playlist_id, video_clip_id, playlist_entry_position) VALUES (46, 5, 46, 6);
INSERT INTO playlist_entry (playlist_entry_id, playlist_id, video_clip_id, playlist_entry_position) VALUES (47, 5, 47, 7);
INSERT INTO playlist_entry (playlist_entry_id, playlist_id, video_clip_id, playlist_entry_position) VALUES (48, 5, 48, 8);
INSERT INTO playlist_entry (playlist_entry_id, playlist_id, video_clip_id, playlist_entry_position) VALUES (49, 5, 49, 9);
INSERT INTO playlist_entry (playlist_entry_id, playlist_id, video_clip_id, playlist_entry_position) VALUES (50, 5, 50, 10);
INSERT INTO playlist_entry (playlist_entry_id, playlist_id, video_clip_id, playlist_entry_position) VALUES (51, 6, 51, 1);
INSERT INTO playlist_entry (playlist_entry_id, playlist_id, video_clip_id, playlist_entry_position) VALUES (52, 6, 52, 2);
INSERT INTO playlist_entry (playlist_entry_id, playlist_id, video_clip_id, playlist_entry_position) VALUES (53, 6, 53, 3);
INSERT INTO playlist_entry (playlist_entry_id, playlist_id, video_clip_id, playlist_entry_position) VALUES (54, 6, 54, 4);
INSERT INTO playlist_entry (playlist_entry_id, playlist_id, video_clip_id, playlist_entry_position) VALUES (55, 6, 55, 5);
INSERT INTO playlist_entry (playlist_entry_id, playlist_id, video_clip_id, playlist_entry_position) VALUES (56, 6, 56, 6);
INSERT INTO playlist_entry (playlist_entry_id, playlist_id, video_clip_id, playlist_entry_position) VALUES (57, 6, 57, 7);
INSERT INTO playlist_entry (playlist_entry_id, playlist_id, video_clip_id, playlist_entry_position) VALUES (58, 6, 58, 8);
INSERT INTO playlist_entry (playlist_entry_id, playlist_id, video_clip_id, playlist_entry_position) VALUES (59, 6, 59, 9);
INSERT INTO playlist_entry (playlist_entry_id, playlist_id, video_clip_id, playlist_entry_position) VALUES (60, 6, 60, 10);
INSERT INTO playlist_entry (playlist_entry_id, playlist_id, video_clip_id, playlist_entry_position) VALUES (61, 7, 61, 1);
INSERT INTO playlist_entry (playlist_entry_id, playlist_id, video_clip_id, playlist_entry_position) VALUES (62, 7, 62, 2);
INSERT INTO playlist_entry (playlist_entry_id, playlist_id, video_clip_id, playlist_entry_position) VALUES (63, 7, 63, 3);
INSERT INTO playlist_entry (playlist_entry_id, playlist_id, video_clip_id, playlist_entry_position) VALUES (64, 7, 64, 4);
INSERT INTO playlist_entry (playlist_entry_id, playlist_id, video_clip_id, playlist_entry_position) VALUES (65, 7, 65, 5);
INSERT INTO playlist_entry (playlist_entry_id, playlist_id, video_clip_id, playlist_entry_position) VALUES (66, 7, 66, 6);
INSERT INTO playlist_entry (playlist_entry_id, playlist_id, video_clip_id, playlist_entry_position) VALUES (67, 7, 67, 7);
INSERT INTO playlist_entry (playlist_entry_id, playlist_id, video_clip_id, playlist_entry_position) VALUES (68, 7, 68, 8);
INSERT INTO playlist_entry (playlist_entry_id, playlist_id, video_clip_id, playlist_entry_position) VALUES (69, 7, 69, 9);
INSERT INTO playlist_entry (playlist_entry_id, playlist_id, video_clip_id, playlist_entry_position) VALUES (70, 7, 70, 10);
INSERT INTO playlist_entry (playlist_entry_id, playlist_id, video_clip_id, playlist_entry_position) VALUES (71, 8, 71, 1);
INSERT INTO playlist_entry (playlist_entry_id, playlist_id, video_clip_id, playlist_entry_position) VALUES (72, 8, 72, 2);
INSERT INTO playlist_entry (playlist_entry_id, playlist_id, video_clip_id, playlist_entry_position) VALUES (73, 8, 73, 3);
INSERT INTO playlist_entry (playlist_entry_id, playlist_id, video_clip_id, playlist_entry_position) VALUES (74, 8, 74, 4);
INSERT INTO playlist_entry (playlist_entry_id, playlist_id, video_clip_id, playlist_entry_position) VALUES (75, 8, 75, 5);
INSERT INTO playlist_entry (playlist_entry_id, playlist_id, video_clip_id, playlist_entry_position) VALUES (76, 8, 76, 6);
INSERT INTO playlist_entry (playlist_entry_id, playlist_id, video_clip_id, playlist_entry_position) VALUES (77, 8, 77, 7);
INSERT INTO playlist_entry (playlist_entry_id, playlist_id, video_clip_id, playlist_entry_position) VALUES (78, 8, 78, 8);
INSERT INTO playlist_entry (playlist_entry_id, playlist_id, video_clip_id, playlist_entry_position) VALUES (79, 8, 79, 9);
INSERT INTO playlist_entry (playlist_entry_id, playlist_id, video_clip_id, playlist_entry_position) VALUES (80, 8, 80, 10);
INSERT INTO playlist_entry (playlist_entry_id, playlist_id, video_clip_id, playlist_entry_position) VALUES (81, 9, 81, 1);
INSERT INTO playlist_entry (playlist_entry_id, playlist_id, video_clip_id, playlist_entry_position) VALUES (82, 9, 82, 2);
INSERT INTO playlist_entry (playlist_entry_id, playlist_id, video_clip_id, playlist_entry_position) VALUES (83, 9, 83, 3);
INSERT INTO playlist_entry (playlist_entry_id, playlist_id, video_clip_id, playlist_entry_position) VALUES (84, 9, 84, 4);
INSERT INTO playlist_entry (playlist_entry_id, playlist_id, video_clip_id, playlist_entry_position) VALUES (85, 9, 85, 5);
INSERT INTO playlist_entry (playlist_entry_id, playlist_id, video_clip_id, playlist_entry_position) VALUES (86, 9, 86, 6);
INSERT INTO playlist_entry (playlist_entry_id, playlist_id, video_clip_id, playlist_entry_position) VALUES (87, 9, 87, 7);
INSERT INTO playlist_entry (playlist_entry_id, playlist_id, video_clip_id, playlist_entry_position) VALUES (88, 9, 88, 8);
INSERT INTO playlist_entry (playlist_entry_id, playlist_id, video_clip_id, playlist_entry_position) VALUES (89, 9, 89, 9);
INSERT INTO playlist_entry (playlist_entry_id, playlist_id, video_clip_id, playlist_entry_position) VALUES (90, 9, 90, 10);
INSERT INTO playlist_entry (playlist_entry_id, playlist_id, video_clip_id, playlist_entry_position) VALUES (91, 10, 91, 1);
INSERT INTO playlist_entry (playlist_entry_id, playlist_id, video_clip_id, playlist_entry_position) VALUES (92, 10, 92, 2);
INSERT INTO playlist_entry (playlist_entry_id, playlist_id, video_clip_id, playlist_entry_position) VALUES (93, 10, 93, 3);
INSERT INTO playlist_entry (playlist_entry_id, playlist_id, video_clip_id, playlist_entry_position) VALUES (94, 10, 94, 4);
INSERT INTO playlist_entry (playlist_entry_id, playlist_id, video_clip_id, playlist_entry_position) VALUES (95, 10, 95, 5);
INSERT INTO playlist_entry (playlist_entry_id, playlist_id, video_clip_id, playlist_entry_position) VALUES (96, 10, 96, 6);
INSERT INTO playlist_entry (playlist_entry_id, playlist_id, video_clip_id, playlist_entry_position) VALUES (97, 10, 97, 7);
INSERT INTO playlist_entry (playlist_entry_id, playlist_id, video_clip_id, playlist_entry_position) VALUES (98, 10, 98, 8);
INSERT INTO playlist_entry (playlist_entry_id, playlist_id, video_clip_id, playlist_entry_position) VALUES (99, 10, 99, 9);
INSERT INTO playlist_entry (playlist_entry_id, playlist_id, video_clip_id, playlist_entry_position) VALUES (100, 10, 100, 10);
