-- ED-326-AA

-- Insert playlists
INSERT IGNORE INTO video_playlist (
   video_playlist_id,
   video_playlist_title,
   video_playlist_url,
   video_playlist_description,
   video_playlist_creation_date,
   video_playlist_active
) VALUES
    (1, 'Voices of Tomorrow', 'https://video.example.com/playlist/1-voices-of-tomorrow', 'Stories shaping the future.', '2023-01-01', true),
    (2, 'Echoes of History', 'https://video.example.com/playlist/2-echoes-of-history', 'Insights from the past.', '2023-01-01', true),
    (3, 'Mind Over Matter', 'https://video.example.com/playlist/3-mind-over-matter', 'Exploring ideas and mindset.', '2023-01-01', true),
    (4, 'The Cosmic Frequency', 'https://video.example.com/playlist/4-the-cosmic-frequency', 'Journeys across the universe.', '2023-01-01', true),
    (5, 'Urban Legends Uncovered', 'https://video.example.com/playlist/5-urban-legends-uncovered', 'Unveiling modern myths.', '2023-01-01', true),
    (6, 'Creative Minds', 'https://video.example.com/playlist/6-creative-minds', 'Conversations with creators.', '2023-01-01', true),
    (7, 'The Sound of Science', 'https://video.example.com/playlist/7-the-sound-of-science', 'Science explained simply.', '2023-01-01', true),
    (8, 'Future Frontiers', 'https://video.example.com/playlist/8-future-frontiers', 'Exploring tomorrow’s innovations.', '2023-01-01', true),
    (9, 'Coffee and Conversations', 'https://video.example.com/playlist/9-coffee-and-conversations', 'Relaxed talks over coffee.', '2023-01-01', true),
    (10, 'The Hidden Signal', 'https://video.example.com/playlist/10-the-hidden-signal', 'Uncovering unseen patterns.', '2023-01-01', false);

-- Insert video clips
INSERT IGNORE INTO video_clip (
    video_clip_id,
    video_clip_title,
    video_clip_url,
    video_clip_description,
    video_clip_release_date,
    video_clip_length,
    video_clip_active
) VALUES
    (1, 'The Dawn of AI', 'https://video.example.com/clip/1-the-dawn-of-ai', 'A short feature on The Dawn of AI.', '2024-01-01', '00:03:05', true),
    (2, 'Voices from Mars', 'https://video.example.com/clip/2-voices-from-mars', 'A short feature on Voices from Mars.', '2024-01-01', '00:04:45', true),
    (3, 'Digital Utopia', 'https://video.example.com/clip/3-digital-utopia', 'A short feature on Digital Utopia.', '2024-01-01', '00:05:30', true),
    (4, 'Machine Morality', 'https://video.example.com/clip/4-machine-morality', 'A short feature on Machine Morality.', '2024-01-01', '00:06:10', true),
    (5, 'The End of Privacy', 'https://video.example.com/clip/5-the-end-of-privacy', 'A short feature on The End of Privacy.', '2024-01-01', '00:07:20', true),
    (6, 'The Virtual Brain', 'https://video.example.com/clip/6-the-virtual-brain', 'A short feature on The Virtual Brain.', '2024-01-01', '00:08:40', true),
    (7, 'Conscious Code', 'https://video.example.com/clip/7-conscious-code', 'A short feature on Conscious Code.', '2024-01-01', '00:09:55', true),
    (8, 'The Singularity Nears', 'https://video.example.com/clip/8-the-singularity-nears', 'A short feature on The Singularity Nears.', '2024-01-01', '00:10:05', true),
    (9, 'Quantum Thought', 'https://video.example.com/clip/9-quantum-thought', 'A short feature on Quantum Thought.', '2024-01-01', '00:11:35', true),
    (10, 'The Human Algorithm', 'https://video.example.com/clip/10-the-human-algorithm', 'A short feature on The Human Algorithm.', '2024-01-01', '00:12:00', true),
    (11, 'Echoes of Rome', 'https://video.example.com/clip/11-echoes-of-rome', 'A short feature on Echoes of Rome.', '2024-01-01', '00:02:15', true),
    (12, 'Lost Cities Found', 'https://video.example.com/clip/12-lost-cities-found', 'A short feature on Lost Cities Found.', '2024-01-01', '00:03:05', true),
    (13, 'The Fall of Empires', 'https://video.example.com/clip/13-the-fall-of-empires', 'A short feature on The Fall of Empires.', '2024-01-01', '00:04:45', true),
    (14, 'The Viking Echo', 'https://video.example.com/clip/14-the-viking-echo', 'A short feature on The Viking Echo.', '2024-01-01', '00:05:30', true),
    (15, 'Mystery of the Mayans', 'https://video.example.com/clip/15-mystery-of-the-mayans', 'A short feature on Mystery of the Mayans.', '2024-01-01', '00:06:10', true),
    (16, 'Greek Machines', 'https://video.example.com/clip/16-greek-machines', 'A short feature on Greek Machines.', '2024-01-01', '00:07:20', true),
    (17, 'The Library of Alexandria', 'https://video.example.com/clip/17-the-library-of-alexandria', 'A short feature on The Library of Alexandria.', '2024-01-01', '00:08:40', true),
    (18, 'Forgotten Wars', 'https://video.example.com/clip/18-forgotten-wars', 'A short feature on Forgotten Wars.', '2024-01-01', '00:09:55', true),
    (19, 'Renaissance Sparks', 'https://video.example.com/clip/19-renaissance-sparks', 'A short feature on Renaissance Sparks.', '2024-01-01', '00:10:05', true),
    (20, 'Empire of Dust', 'https://video.example.com/clip/20-empire-of-dust', 'A short feature on Empire of Dust.', '2024-01-01', '00:11:35', true),
    (21, 'The Conscious Mind', 'https://video.example.com/clip/21-the-conscious-mind', 'A short feature on The Conscious Mind.', '2024-01-01', '00:12:00', true),
    (22, 'Dream Architecture', 'https://video.example.com/clip/22-dream-architecture', 'A short feature on Dream Architecture.', '2024-01-01', '00:02:15', true),
    (23, 'Cognitive Biases', 'https://video.example.com/clip/23-cognitive-biases', 'A short feature on Cognitive Biases.', '2024-01-01', '00:03:05', true),
    (24, 'Philosophy of Self', 'https://video.example.com/clip/24-philosophy-of-self', 'A short feature on Philosophy of Self.', '2024-01-01', '00:04:45', true),
    (25, 'Habits and Change', 'https://video.example.com/clip/25-habits-and-change', 'A short feature on Habits and Change.', '2024-01-01', '00:05:30', true),
    (26, 'Attention Economy', 'https://video.example.com/clip/26-attention-economy', 'A short feature on Attention Economy.', '2024-01-01', '00:06:10', true),
    (27, 'Language and Thought', 'https://video.example.com/clip/27-language-and-thought', 'A short feature on Language and Thought.', '2024-01-01', '00:07:20', true),
    (28, 'Moral Psychology', 'https://video.example.com/clip/28-moral-psychology', 'A short feature on Moral Psychology.', '2024-01-01', '00:08:40', true),
    (29, 'Memory Palaces', 'https://video.example.com/clip/29-memory-palaces', 'A short feature on Memory Palaces.', '2024-01-01', '00:09:55', true),
    (30, 'Meaning and Purpose', 'https://video.example.com/clip/30-meaning-and-purpose', 'A short feature on Meaning and Purpose.', '2024-01-01', '00:10:05', true),
    (31, 'Starlight and Gravity', 'https://video.example.com/clip/31-starlight-and-gravity', 'A short feature on Starlight and Gravity.', '2024-01-01', '00:11:35', true),
    (32, 'Dark Matter Diaries', 'https://video.example.com/clip/32-dark-matter-diaries', 'A short feature on Dark Matter Diaries.', '2024-01-01', '00:12:00', true),
    (33, 'Exoplanet Atlas', 'https://video.example.com/clip/33-exoplanet-atlas', 'A short feature on Exoplanet Atlas.', '2024-01-01', '00:02:15', true),
    (34, 'Signals from Space', 'https://video.example.com/clip/34-signals-from-space', 'A short feature on Signals from Space.', '2024-01-01', '00:03:05', true),
    (35, 'Life in the Ice', 'https://video.example.com/clip/35-life-in-the-ice', 'A short feature on Life in the Ice.', '2024-01-01', '00:04:45', true),
    (36, 'Telescope Titans', 'https://video.example.com/clip/36-telescope-titans', 'A short feature on Telescope Titans.', '2024-01-01', '00:05:30', true),
    (37, 'Cosmic Inflation', 'https://video.example.com/clip/37-cosmic-inflation', 'A short feature on Cosmic Inflation.', '2024-01-01', '00:06:10', true),
    (38, 'Rings and Things', 'https://video.example.com/clip/38-rings-and-things', 'A short feature on Rings and Things.', '2024-01-01', '00:07:20', true),
    (39, 'Galactic Cartography', 'https://video.example.com/clip/39-galactic-cartography', 'A short feature on Galactic Cartography.', '2024-01-01', '00:08:40', true),
    (40, 'Edge of the Observable', 'https://video.example.com/clip/40-edge-of-the-observable', 'A short feature on Edge of the Observable.', '2024-01-01', '00:09:55', true),
    (41, 'City Myths', 'https://video.example.com/clip/41-city-myths', 'A short feature on City Myths.', '2024-01-01', '00:10:05', true),
    (42, 'Haunted Highways', 'https://video.example.com/clip/42-haunted-highways', 'A short feature on Haunted Highways.', '2024-01-01', '00:11:35', true),
    (43, 'Mysterious Numbers', 'https://video.example.com/clip/43-mysterious-numbers', 'A short feature on Mysterious Numbers.', '2024-01-01', '00:12:00', true),
    (44, 'Whispers in the Woods', 'https://video.example.com/clip/44-whispers-in-the-woods', 'A short feature on Whispers in the Woods.', '2024-01-01', '00:02:15', true),
    (45, 'Midnight Broadcast', 'https://video.example.com/clip/45-midnight-broadcast', 'A short feature on Midnight Broadcast.', '2024-01-01', '00:03:05', true),
    (46, 'The Vanishing Hotel', 'https://video.example.com/clip/46-the-vanishing-hotel', 'A short feature on The Vanishing Hotel.', '2024-01-01', '00:04:45', true),
    (47, 'The Mirror Game', 'https://video.example.com/clip/47-the-mirror-game', 'A short feature on The Mirror Game.', '2024-01-01', '00:05:30', true),
    (48, 'Numbers on the Wall', 'https://video.example.com/clip/48-numbers-on-the-wall', 'A short feature on Numbers on the Wall.', '2024-01-01', '00:06:10', true),
    (49, 'The Last Tape', 'https://video.example.com/clip/49-the-last-tape', 'A short feature on The Last Tape.', '2024-01-01', '00:07:20', true),
    (50, 'After Midnight', 'https://video.example.com/clip/50-after-midnight', 'A short feature on After Midnight.', '2024-01-01', '00:08:40', true),
    (51, 'The Art Habit', 'https://video.example.com/clip/51-the-art-habit', 'A short feature on The Art Habit.', '2024-01-01', '00:09:55', true),
    (52, 'Notes to a Novelist', 'https://video.example.com/clip/52-notes-to-a-novelist', 'A short feature on Notes to a Novelist.', '2024-01-01', '00:10:05', true),
    (53, 'Studio Rituals', 'https://video.example.com/clip/53-studio-rituals', 'A short feature on Studio Rituals.', '2024-01-01', '00:11:35', true),
    (54, 'Collaboration Myths', 'https://video.example.com/clip/54-collaboration-myths', 'A short feature on Collaboration Myths.', '2024-01-01', '00:12:00', true),
    (55, 'Finding a Voice', 'https://video.example.com/clip/55-finding-a-voice', 'A short feature on Finding a Voice.', '2024-01-01', '00:02:15', true),
    (56, 'Creative Blocks', 'https://video.example.com/clip/56-creative-blocks', 'A short feature on Creative Blocks.', '2024-01-01', '00:03:05', true),
    (57, 'The Feedback Loop', 'https://video.example.com/clip/57-the-feedback-loop', 'A short feature on The Feedback Loop.', '2024-01-01', '00:04:45', true),
    (58, 'Publishing Paths', 'https://video.example.com/clip/58-publishing-paths', 'A short feature on Publishing Paths.', '2024-01-01', '00:05:30', true),
    (59, 'Stagecraft', 'https://video.example.com/clip/59-stagecraft', 'A short feature on Stagecraft.', '2024-01-01', '00:06:10', true),
    (60, 'The Aftershow', 'https://video.example.com/clip/60-the-aftershow', 'A short feature on The Aftershow.', '2024-01-01', '00:07:20', true),
    (61, 'Everyday Physics', 'https://video.example.com/clip/61-everyday-physics', 'A short feature on Everyday Physics.', '2024-01-01', '00:08:40', true),
    (62, 'Kitchen Chemistry', 'https://video.example.com/clip/62-kitchen-chemistry', 'A short feature on Kitchen Chemistry.', '2024-01-01', '00:09:55', true),
    (63, 'Biology of Belief', 'https://video.example.com/clip/63-biology-of-belief', 'A short feature on Biology of Belief.', '2024-01-01', '00:10:05', true),
    (64, 'Weather Machines', 'https://video.example.com/clip/64-weather-machines', 'A short feature on Weather Machines.', '2024-01-01', '00:11:35', true),
    (65, 'Numbers that Lie', 'https://video.example.com/clip/65-numbers-that-lie', 'A short feature on Numbers that Lie.', '2024-01-01', '00:12:00', true),
    (66, 'Time Travel Rules', 'https://video.example.com/clip/66-time-travel-rules', 'A short feature on Time Travel Rules.', '2024-01-01', '00:02:15', true),
    (67, 'Microscope Cities', 'https://video.example.com/clip/67-microscope-cities', 'A short feature on Microscope Cities.', '2024-01-01', '00:03:05', true),
    (68, 'Sound as Medicine', 'https://video.example.com/clip/68-sound-as-medicine', 'A short feature on Sound as Medicine.', '2024-01-01', '00:04:45', true),
    (69, 'The Fractal Edge', 'https://video.example.com/clip/69-the-fractal-edge', 'A short feature on The Fractal Edge.', '2024-01-01', '00:05:30', true),
    (70, 'The Science of Sleep', 'https://video.example.com/clip/70-the-science-of-sleep', 'A short feature on The Science of Sleep.', '2024-01-01', '00:06:10', true),
    (71, 'Terraforming Tomorrow', 'https://video.example.com/clip/71-terraforming-tomorrow', 'A short feature on Terraforming Tomorrow.', '2024-01-01', '00:07:20', true),
    (72, 'Ocean Farms', 'https://video.example.com/clip/72-ocean-farms', 'A short feature on Ocean Farms.', '2024-01-01', '00:08:40', true),
    (73, 'Electric Skies', 'https://video.example.com/clip/73-electric-skies', 'A short feature on Electric Skies.', '2024-01-01', '00:09:55', true),
    (74, 'Quantum Internet', 'https://video.example.com/clip/74-quantum-internet', 'A short feature on Quantum Internet.', '2024-01-01', '00:10:05', true),
    (75, 'Food Without Farms', 'https://video.example.com/clip/75-food-without-farms', 'A short feature on Food Without Farms.', '2024-01-01', '00:11:35', true),
    (76, 'Sunlight in a Bottle', 'https://video.example.com/clip/76-sunlight-in-a-bottle', 'A short feature on Sunlight in a Bottle.', '2024-01-01', '00:12:00', true),
    (77, 'Cities that Breathe', 'https://video.example.com/clip/77-cities-that-breathe', 'A short feature on Cities that Breathe.', '2024-01-01', '00:02:15', true),
    (78, 'Edge Computing Everywhere', 'https://video.example.com/clip/78-edge-computing-everywhere', 'A short feature on Edge Computing Everywhere.', '2024-01-01', '00:03:05', true),
    (79, 'Mars Logistics', 'https://video.example.com/clip/79-mars-logistics', 'A short feature on Mars Logistics.', '2024-01-01', '00:04:45', true),
    (80, 'Frontiers of Health', 'https://video.example.com/clip/80-frontiers-of-health', 'A short feature on Frontiers of Health.', '2024-01-01', '00:05:30', true),
    (81, 'Morning Rituals', 'https://video.example.com/clip/81-morning-rituals', 'A short feature on Morning Rituals.', '2024-01-01', '00:06:10', true),
    (82, 'Stories over Steam', 'https://video.example.com/clip/82-stories-over-steam', 'A short feature on Stories over Steam.', '2024-01-01', '00:07:20', true),
    (83, 'Table for Two', 'https://video.example.com/clip/83-table-for-two', 'A short feature on Table for Two.', '2024-01-01', '00:08:40', true),
    (84, 'Notebook Margins', 'https://video.example.com/clip/84-notebook-margins', 'A short feature on Notebook Margins.', '2024-01-01', '00:09:55', true),
    (85, 'Serendipity', 'https://video.example.com/clip/85-serendipity', 'A short feature on Serendipity.', '2024-01-01', '00:10:05', true),
    (86, 'Quiet Ambition', 'https://video.example.com/clip/86-quiet-ambition', 'A short feature on Quiet Ambition.', '2024-01-01', '00:11:35', true),
    (87, 'Roadside Wisdom', 'https://video.example.com/clip/87-roadside-wisdom', 'A short feature on Roadside Wisdom.', '2024-01-01', '00:12:00', true),
    (88, 'Late Night Pages', 'https://video.example.com/clip/88-late-night-pages', 'A short feature on Late Night Pages.', '2024-01-01', '00:02:15', true),
    (89, 'Soundtrack Sundays', 'https://video.example.com/clip/89-soundtrack-sundays', 'A short feature on Soundtrack Sundays.', '2024-01-01', '00:03:05', true),
    (90, 'Coffee Break Live', 'https://video.example.com/clip/90-coffee-break-live', 'A short feature on Coffee Break Live.', '2024-01-01', '00:04:45', true),
    (91, 'Signal in the Noise', 'https://video.example.com/clip/91-signal-in-the-noise', 'A short feature on Signal in the Noise.', '2024-01-01', '00:05:30', true),
    (92, 'Whale Song', 'https://video.example.com/clip/92-whale-song', 'A short feature on Whale Song.', '2024-01-01', '00:06:10', true),
    (93, 'Echo Chamber', 'https://video.example.com/clip/93-echo-chamber', 'A short feature on Echo Chamber.', '2024-01-01', '00:07:20', true),
    (94, 'Underground Frequencies', 'https://video.example.com/clip/94-underground-frequencies', 'A short feature on Underground Frequencies.', '2024-01-01', '00:08:40', true),
    (95, 'Sonic Boom', 'https://video.example.com/clip/95-sonic-boom', 'A short feature on Sonic Boom.', '2024-01-01', '00:09:55', true),
    (96, 'Quiet Zones', 'https://video.example.com/clip/96-quiet-zones', 'A short feature on Quiet Zones.', '2024-01-01', '00:10:05', false),
    (97, 'Voice Prints', 'https://video.example.com/clip/97-voice-prints', 'A short feature on Voice Prints.', '2024-01-01', '00:11:35', false),
    (98, 'Rhythm of the Earth', 'https://video.example.com/clip/98-rhythm-of-the-earth', 'A short feature on Rhythm of the Earth.', '2024-01-01', '00:12:00', false),
    (99, 'Numbers You Can Hear', 'https://video.example.com/clip/99-numbers-you-can-hear', 'A short feature on Numbers You Can Hear.', '2024-01-01', '00:02:15', false),
    (100, 'The Hidden Signal', 'https://video.example.com/clip/100-the-hidden-signal', 'A short feature on The Hidden Signal.', '2024-01-01', '00:03:05', false);

-- Insert playlist entries (each video into its playlist with position)
INSERT IGNORE INTO playlist_entry (
    playlist_entry_id,
    playlist_id,
    video_clip_id,
    playlist_entry_position
) VALUES
    (1, 1, 1, 1),
    (2, 1, 2, 2),
    (3, 1, 3, 3),
    (4, 1, 4, 4),
    (5, 1, 5, 5),
    (6, 1, 6, 6),
    (7, 1, 7, 7),
    (8, 1, 8, 8),
    (9, 1, 9, 9),
    (10, 1, 10, 10),
    (11, 2, 11, 1),
    (12, 2, 12, 2),
    (13, 2, 13, 3),
    (14, 2, 14, 4),
    (15, 2, 15, 5),
    (16, 2, 16, 6),
    (17, 2, 17, 7),
    (18, 2, 18, 8),
    (19, 2, 19, 9),
    (20, 2, 20, 10),
    (21, 3, 21, 1),
    (22, 3, 22, 2),
    (23, 3, 23, 3),
    (24, 3, 24, 4),
    (25, 3, 25, 5),
    (26, 3, 26, 6),
    (27, 3, 27, 7),
    (28, 3, 28, 8),
    (29, 3, 29, 9),
    (30, 3, 30, 10),
    (31, 4, 31, 1),
    (32, 4, 32, 2),
    (33, 4, 33, 3),
    (34, 4, 34, 4),
    (35, 4, 35, 5),
    (36, 4, 36, 6),
    (37, 4, 37, 7),
    (38, 4, 38, 8),
    (39, 4, 39, 9),
    (40, 4, 40, 10),
    (41, 5, 41, 1),
    (42, 5, 42, 2),
    (43, 5, 43, 3),
    (44, 5, 44, 4),
    (45, 5, 45, 5),
    (46, 5, 46, 6),
    (47, 5, 47, 7),
    (48, 5, 48, 8),
    (49, 5, 49, 9),
    (50, 5, 50, 10),
    (51, 6, 51, 1),
    (52, 6, 52, 2),
    (53, 6, 53, 3),
    (54, 6, 54, 4),
    (55, 6, 55, 5),
    (56, 6, 56, 6),
    (57, 6, 57, 7),
    (58, 6, 58, 8),
    (59, 6, 59, 9),
    (60, 6, 60, 10),
    (61, 7, 61, 1),
    (62, 7, 62, 2),
    (63, 7, 63, 3),
    (64, 7, 64, 4),
    (65, 7, 65, 5),
    (66, 7, 66, 6),
    (67, 7, 67, 7),
    (68, 7, 68, 8),
    (69, 7, 69, 9),
    (70, 7, 70, 10),
    (71, 8, 71, 1),
    (72, 8, 72, 2),
    (73, 8, 73, 3),
    (74, 8, 74, 4),
    (75, 8, 75, 5),
    (76, 8, 76, 6),
    (77, 8, 77, 7),
    (78, 8, 78, 8),
    (79, 8, 79, 9),
    (80, 8, 80, 10),
    (81, 9, 81, 1),
    (82, 9, 82, 2),
    (83, 9, 83, 3),
    (84, 9, 84, 4),
    (85, 9, 85, 5),
    (86, 9, 86, 6),
    (87, 9, 87, 7),
    (88, 9, 88, 8),
    (89, 9, 89, 9),
    (90, 9, 90, 10),
    (91, 10, 91, 1),
    (92, 10, 92, 2),
    (93, 10, 93, 3),
    (94, 10, 94, 4),
    (95, 10, 95, 5),
    (96, 10, 96, 6),
    (97, 10, 97, 7),
    (98, 10, 98, 8),
    (99, 10, 99, 9),
    (100, 10, 100, 10);

